CREATE TABLE MOVIEDB.TBL_ACTOR (
	ID NUMBER(10) NOT NULL,
	FNAME VARCHAR2(60) NOT NULL,
	MNAME VARCHAR2(60),
	LNAME VARCHAR2(60) NOT NULL,
	DATEOFBIRTH DATE NOT NULL,
	DATEOFDEATH DATE,
	BIRTHCOUNTRY NUMBER(10) NOT NULL,
	PRIMARY KEY (ID)
);
CREATE TABLE MOVIEDB.TBL_ACTORMOVIE (
	ACTOR_ID NUMBER(10) NOT NULL,
	MOVIE_ID NUMBER(10) NOT NULL,
	PRIMARY KEY (MOVIE_ID,ACTOR_ID)
);
CREATE TABLE MOVIEDB.TBL_ACTORSERIES (
	ACTOR_ID NUMBER(10) NOT NULL,
	SERIES_ID NUMBER(10) NOT NULL,
	PRIMARY KEY (SERIES_ID,ACTOR_ID)
);
CREATE TABLE MOVIEDB.TBL_COUNTRY (
	ID NUMBER(10) NOT NULL,
	ISO3 CHAR(3),
	NAME_EN VARCHAR2(64),
	PRIMARY KEY (ID)
);
CREATE TABLE MOVIEDB.TBL_DIRECTOR (
	ID NUMBER(10) NOT NULL,
	FNAME VARCHAR2(60) NOT NULL,
	MNAME VARCHAR2(60),
	LNAME VARCHAR2(60) NOT NULL,
	DATEOFBIRTH DATE NOT NULL,
	DATEOFDEATH DATE,
	BIRTHCOUNTRY NUMBER(10) NOT NULL,
	PRIMARY KEY (ID)
);
CREATE TABLE MOVIEDB.TBL_DIRECTOREPISODE (
	DIRECTOR_ID NUMBER(10) NOT NULL,
	EPISODE_ID NUMBER(10) NOT NULL,
	PRIMARY KEY (DIRECTOR_ID,EPISODE_ID)
);
CREATE TABLE MOVIEDB.TBL_DIRECTORMOVIE (
	DIRECTOR_ID NUMBER(10) NOT NULL,
	MOVIE_ID NUMBER(10) NOT NULL,
	PRIMARY KEY (MOVIE_ID,DIRECTOR_ID)
);
CREATE TABLE MOVIEDB.TBL_EPISODE (
	ID NUMBER(10) NOT NULL,
	EPISODE_TITLE VARCHAR2(150) NOT NULL,
	SEASON NUMBER(10) NOT NULL,
	EPISODE_NO NUMBER(10) NOT NULL,
	PRIMARY KEY (ID)
);
CREATE TABLE MOVIEDB.TBL_EPISODESERIES (
	SERIES_ID NUMBER(10) NOT NULL,
	EPISODE_ID NUMBER(10) NOT NULL,
	PRIMARY KEY (SERIES_ID,EPISODE_ID)
);
CREATE TABLE MOVIEDB.TBL_GENRE (
	GENRE_ID NUMBER(10) NOT NULL,
	GENRE_TITLE VARCHAR2(40) NOT NULL,
	PRIMARY KEY (GENRE_ID)
);
CREATE TABLE MOVIEDB.TBL_LANGUAGE (
	ID NUMBER(10) NOT NULL,
	ISO3 VARCHAR2(3) NOT NULL,
	LANGUAGE_EN VARCHAR2(100) NOT NULL,
	PRIMARY KEY (ID)
);
CREATE TABLE MOVIEDB.TBL_LUCOLOR (
	ID NUMBER(3) NOT NULL,
	COLOR_FORMAT VARCHAR2(25) NOT NULL,
	PRIMARY KEY (ID)
);
CREATE TABLE MOVIEDB.TBL_LUSOUND (
	ID NUMBER(3) NOT NULL,
	SOUND_FORMAT VARCHAR2(20) NOT NULL,
	PRIMARY KEY (ID)
);
CREATE TABLE MOVIEDB.TBL_MOVIE (
	ID NUMBER(10) NOT NULL,
	TITLE_EN VARCHAR2(150) NOT NULL,
	TITLE_ALT VARCHAR2(150),
	YEAR NUMBER(10) NOT NULL,
	RUNTIME NUMBER(10) NOT NULL,
	PLOT VARCHAR2(750),
	COLOR NUMBER(3) NOT NULL,
	SILENT NUMBER(3) NOT NULL,
	RATING_RT NUMBER(10),
	RATING_IMDB NUMBER(3,2),
	PRIMARY KEY (ID)
);
CREATE TABLE MOVIEDB.TBL_MOVIECOUNTRY (
	MOVIE_ID NUMBER(10) NOT NULL,
	COUNTRY_ID NUMBER(10) NOT NULL,
	PRIMARY KEY (MOVIE_ID,COUNTRY_ID)
);
CREATE TABLE MOVIEDB.TBL_MOVIEGENRE (
	MOVIE_ID NUMBER(10) NOT NULL,
	GENRE_ID NUMBER(10) NOT NULL,
	PRIMARY KEY (MOVIE_ID,GENRE_ID)
);
CREATE TABLE MOVIEDB.TBL_MOVIELANGUAGE (
	MOVIE_ID NUMBER(10) NOT NULL,
	LANGUAGE_ID NUMBER(10) NOT NULL,
	PRIMARY KEY (MOVIE_ID,LANGUAGE_ID)
);
CREATE TABLE MOVIEDB.TBL_MOVIEREVIEW (
	MOVIE_ID NUMBER(10) NOT NULL,
	REVIEW_ID NUMBER(10) NOT NULL,
	PRIMARY KEY (MOVIE_ID,REVIEW_ID)
);
CREATE TABLE MOVIEDB.TBL_PASSWORD (
	PASSWORD_HASH VARCHAR2(40) NOT NULL,
	USER_ID NUMBER(10) NOT NULL,
	PRIMARY KEY (PASSWORD_HASH,USER_ID)
);
CREATE TABLE MOVIEDB.TBL_REVIEW (
	ID NUMBER(10) NOT NULL,
	USER_CREATOR NUMBER(10) NOT NULL,
	REVIEW_TITLE VARCHAR2(150),
	REVIEW_BODY CLOB,
	CREATION_DATE DATE NOT NULL,
	PRIMARY KEY (ID)
);
CREATE TABLE MOVIEDB.TBL_SERIES (
	ID NUMBER(10) NOT NULL,
	TITLE_EN VARCHAR2(150) NOT NULL,
	TITLE_ALT VARCHAR2(150),
	STARTYEAR NUMBER(10) NOT NULL,
	ENDYEAR NUMBER(10) NOT NULL,
	PLOT VARCHAR2(750),
	EPISODE_LENGTH NUMBER(10) NOT NULL,
	COUNTRY NUMBER(10) NOT NULL,
	COLOR NUMBER(3) NOT NULL,
	SILENT NUMBER(3) NOT NULL,
	RATING_RT NUMBER(10),
	RATING_IMDB NUMBER(3,2),
	PRIMARY KEY (ID)
);
CREATE TABLE MOVIEDB.TBL_SERIESGENRE (
	SERIES_ID NUMBER(10) NOT NULL,
	GENRE_ID NUMBER(10) NOT NULL,
	PRIMARY KEY (SERIES_ID,GENRE_ID)
);
CREATE TABLE MOVIEDB.TBL_SERIESREVIEW (
	SERIES_ID NUMBER(10) NOT NULL,
	REVIEW_ID NUMBER(10) NOT NULL,
	PRIMARY KEY (SERIES_ID,REVIEW_ID)
);
CREATE TABLE MOVIEDB.TBL_USER (
	ID NUMBER(10) NOT NULL,
	FNAME VARCHAR2(60) NOT NULL,
	MNAME VARCHAR2(60),
	LNAME VARCHAR2(60) NOT NULL,
	USERNAME VARCHAR2(60) NOT NULL,
	EMAIL_ADDRESS VARCHAR2(100) NOT NULL,
	DATEOFBIRTH DATE NOT NULL,
	BIRTHCOUNTRY NUMBER(10) NOT NULL,
	PRIMARY KEY (ID)
);
INSERT INTO MOVIEDB.TBL_ACTOR(ID, FNAME, MNAME, LNAME, DATEOFBIRTH, DATEOFDEATH, BIRTHCOUNTRY) VALUES (1, 'Marlon', null, 'Brando', '1924-04-03 00:00:00.0', '2007-07-01 00:00:00.0', 227);
INSERT INTO MOVIEDB.TBL_ACTOR(ID, FNAME, MNAME, LNAME, DATEOFBIRTH, DATEOFDEATH, BIRTHCOUNTRY) VALUES (2, 'Alfredo', 'James', 'Pacino', '1940-04-25 00:00:00.0', null, 227);
INSERT INTO MOVIEDB.TBL_ACTOR(ID, FNAME, MNAME, LNAME, DATEOFBIRTH, DATEOFDEATH, BIRTHCOUNTRY) VALUES (3, 'James', 'Edmund', 'Caan', '1940-03-26 00:00:00.0', null, 227);
INSERT INTO MOVIEDB.TBL_ACTOR(ID, FNAME, MNAME, LNAME, DATEOFBIRTH, DATEOFDEATH, BIRTHCOUNTRY) VALUES (4, 'Jean-Louis', null, 'Trintignant', '1930-12-11 00:00:00.0', null, 74);
INSERT INTO MOVIEDB.TBL_ACTOR(ID, FNAME, MNAME, LNAME, DATEOFBIRTH, DATEOFDEATH, BIRTHCOUNTRY) VALUES (5, 'Stefania', null, 'Sandrelli', '1946-06-05 00:00:00.0', null, 106);
INSERT INTO MOVIEDB.TBL_ACTOR(ID, FNAME, MNAME, LNAME, DATEOFBIRTH, DATEOFDEATH, BIRTHCOUNTRY) VALUES (6, 'Gastone', null, 'Moschin', '1929-06-08 00:00:00.0', null, 106);
INSERT INTO MOVIEDB.TBL_ACTOR(ID, FNAME, MNAME, LNAME, DATEOFBIRTH, DATEOFDEATH, BIRTHCOUNTRY) VALUES (7, 'Robert', null, 'De Niro', '1943-08-17 00:00:00.0', null, 227);
INSERT INTO MOVIEDB.TBL_ACTOR(ID, FNAME, MNAME, LNAME, DATEOFBIRTH, DATEOFDEATH, BIRTHCOUNTRY) VALUES (8, 'Robert', 'Selden', 'Duvall', '1931-01-05 00:00:00.0', null, 227);
INSERT INTO MOVIEDB.TBL_ACTOR(ID, FNAME, MNAME, LNAME, DATEOFBIRTH, DATEOFDEATH, BIRTHCOUNTRY) VALUES (9, 'Estelle', 'Louise', 'Fletcher', '1934-07-22 00:00:00.0', null, 227);
INSERT INTO MOVIEDB.TBL_ACTOR(ID, FNAME, MNAME, LNAME, DATEOFBIRTH, DATEOFDEATH, BIRTHCOUNTRY) VALUES (10, 'Jack', null, 'Nicholson', '1937-04-22 00:00:00.0', null, 227);
INSERT INTO MOVIEDB.TBL_ACTOR(ID, FNAME, MNAME, LNAME, DATEOFBIRTH, DATEOFDEATH, BIRTHCOUNTRY) VALUES (11, 'Martin', null, 'Sheen', '1940-08-03 00:00:00.0', null, 227);
INSERT INTO MOVIEDB.TBL_ACTOR(ID, FNAME, MNAME, LNAME, DATEOFBIRTH, DATEOFDEATH, BIRTHCOUNTRY) VALUES (12, 'Faye', null, 'Dunaway', '1941-01-14 00:00:00.0', null, 227);
INSERT INTO MOVIEDB.TBL_ACTOR(ID, FNAME, MNAME, LNAME, DATEOFBIRTH, DATEOFDEATH, BIRTHCOUNTRY) VALUES (13, 'John', 'Marcellus', 'Huston', '1906-08-05 00:00:00.0', '1987-08-28 00:00:00.0', 227);
INSERT INTO MOVIEDB.TBL_ACTOR(ID, FNAME, MNAME, LNAME, DATEOFBIRTH, DATEOFDEATH, BIRTHCOUNTRY) VALUES (14, 'Malcolm', null, 'McDowell', '1943-06-13 00:00:00.0', null, 84);
INSERT INTO MOVIEDB.TBL_ACTOR(ID, FNAME, MNAME, LNAME, DATEOFBIRTH, DATEOFDEATH, BIRTHCOUNTRY) VALUES (15, 'Mark', 'Richard', 'Hamill', '1951-09-25 00:00:00.0', null, 227);
INSERT INTO MOVIEDB.TBL_ACTOR(ID, FNAME, MNAME, LNAME, DATEOFBIRTH, DATEOFDEATH, BIRTHCOUNTRY) VALUES (16, 'Harrison', null, 'Ford', '1942-07-13 00:00:00.0', null, 227);
INSERT INTO MOVIEDB.TBL_ACTOR(ID, FNAME, MNAME, LNAME, DATEOFBIRTH, DATEOFDEATH, BIRTHCOUNTRY) VALUES (17, 'Carrie', 'Frances', 'Fisher', '1956-10-21 00:00:00.0', null, 227);
INSERT INTO MOVIEDB.TBL_ACTOR(ID, FNAME, MNAME, LNAME, DATEOFBIRTH, DATEOFDEATH, BIRTHCOUNTRY) VALUES (18, 'Roy', 'Richard', 'Scheider', '1932-11-10 00:00:00.0', '2008-02-10 00:00:00.0', 227);
INSERT INTO MOVIEDB.TBL_ACTOR(ID, FNAME, MNAME, LNAME, DATEOFBIRTH, DATEOFDEATH, BIRTHCOUNTRY) VALUES (19, 'Richard', 'Stephen', 'Dreyfuss', '1947-10-29 00:00:00.0', null, 227);
INSERT INTO MOVIEDB.TBL_ACTOR(ID, FNAME, MNAME, LNAME, DATEOFBIRTH, DATEOFDEATH, BIRTHCOUNTRY) VALUES (20, 'Robert', 'Archibald', 'Shaw', '1927-08-09 00:00:00.0', '1978-08-28 00:00:00.0', 84);
INSERT INTO MOVIEDB.TBL_ACTOR(ID, FNAME, MNAME, LNAME, DATEOFBIRTH, DATEOFDEATH, BIRTHCOUNTRY) VALUES (21, 'Harvey', null, 'Keitel', '1939-05-13 00:00:00.0', null, 227);
INSERT INTO MOVIEDB.TBL_ACTOR(ID, FNAME, MNAME, LNAME, DATEOFBIRTH, DATEOFDEATH, BIRTHCOUNTRY) VALUES (22, 'Jodie', null, 'Foster', '1962-11-19 00:00:00.0', null, 227);
INSERT INTO MOVIEDB.TBL_ACTOR(ID, FNAME, MNAME, LNAME, DATEOFBIRTH, DATEOFDEATH, BIRTHCOUNTRY) VALUES (23, 'Christopher', null, 'Walken', '1943-03-31 00:00:00.0', null, 227);
INSERT INTO MOVIEDB.TBL_ACTOR(ID, FNAME, MNAME, LNAME, DATEOFBIRTH, DATEOFDEATH, BIRTHCOUNTRY) VALUES (24, 'John', 'Holland', 'Cazale', '1935-08-12 00:00:00.0', '1978-03-12 00:00:00.0', 227);
INSERT INTO MOVIEDB.TBL_ACTOR(ID, FNAME, MNAME, LNAME, DATEOFBIRTH, DATEOFDEATH, BIRTHCOUNTRY) VALUES (25, 'Jaqueline', null, 'Bisset', '1944-09-13 00:00:00.0', null, 74);
INSERT INTO MOVIEDB.TBL_ACTOR(ID, FNAME, MNAME, LNAME, DATEOFBIRTH, DATEOFDEATH, BIRTHCOUNTRY) VALUES (26, 'Valentina', null, 'Cortese', '1923-01-01 00:00:00.0', null, 106);
INSERT INTO MOVIEDB.TBL_ACTOR(ID, FNAME, MNAME, LNAME, DATEOFBIRTH, DATEOFDEATH, BIRTHCOUNTRY) VALUES (27, 'Jean-Pierre', null, 'Aumont', '1911-01-05 00:00:00.0', '2001-01-30 00:00:00.0', 74);
INSERT INTO MOVIEDB.TBL_ACTOR(ID, FNAME, MNAME, LNAME, DATEOFBIRTH, DATEOFDEATH, BIRTHCOUNTRY) VALUES (28, 'Erland', null, 'Josephson', '1923-06-15 00:00:00.0', '2012-02-25 00:00:00.0', 206);
INSERT INTO MOVIEDB.TBL_ACTOR(ID, FNAME, MNAME, LNAME, DATEOFBIRTH, DATEOFDEATH, BIRTHCOUNTRY) VALUES (29, 'Liv', 'Johanne', 'Ullmann', '1938-12-16 00:00:00.0', null, 206);
INSERT INTO MOVIEDB.TBL_ACTOR(ID, FNAME, MNAME, LNAME, DATEOFBIRTH, DATEOFDEATH, BIRTHCOUNTRY) VALUES (30, 'Harriet', null, 'Andersson', '1932-02-14 00:00:00.0', null, 206);
INSERT INTO MOVIEDB.TBL_ACTOR(ID, FNAME, MNAME, LNAME, DATEOFBIRTH, DATEOFDEATH, BIRTHCOUNTRY) VALUES (31, 'Johnny', null, 'Dorelli', '1937-02-20 00:00:00.0', null, 106);
INSERT INTO MOVIEDB.TBL_ACTOR(ID, FNAME, MNAME, LNAME, DATEOFBIRTH, DATEOFDEATH, BIRTHCOUNTRY) VALUES (32, 'Anna', null, 'Karina', '1940-09-22 00:00:00.0', null, 59);
INSERT INTO MOVIEDB.TBL_ACTOR(ID, FNAME, MNAME, LNAME, DATEOFBIRTH, DATEOFDEATH, BIRTHCOUNTRY) VALUES (33, 'Lino', null, 'Capolicchio', '1943-08-21 00:00:00.0', null, 106);
INSERT INTO MOVIEDB.TBL_ACTOR(ID, FNAME, MNAME, LNAME, DATEOFBIRTH, DATEOFDEATH, BIRTHCOUNTRY) VALUES (34, 'Dominique', null, 'Sanda', '1951-03-11 00:00:00.0', null, 74);
INSERT INTO MOVIEDB.TBL_ACTOR(ID, FNAME, MNAME, LNAME, DATEOFBIRTH, DATEOFDEATH, BIRTHCOUNTRY) VALUES (35, 'Helmut', null, 'Berger', '1944-05-29 00:00:00.0', null, 15);
INSERT INTO MOVIEDB.TBL_ACTOR(ID, FNAME, MNAME, LNAME, DATEOFBIRTH, DATEOFDEATH, BIRTHCOUNTRY) VALUES (36, 'Fernando', 'Casado', 'Arambillet', '1917-08-20 00:00:00.0', '1994-03-09 00:00:00.0', 200);
INSERT INTO MOVIEDB.TBL_ACTOR(ID, FNAME, MNAME, LNAME, DATEOFBIRTH, DATEOFDEATH, BIRTHCOUNTRY) VALUES (37, 'Paul', null, 'Frankeur', '1905-06-29 00:00:00.0', '1974-10-27 00:00:00.0', 74);
INSERT INTO MOVIEDB.TBL_ACTOR(ID, FNAME, MNAME, LNAME, DATEOFBIRTH, DATEOFDEATH, BIRTHCOUNTRY) VALUES (38, 'Delphine', 'Claire Beltiane', 'Seyrig', '1932-04-10 00:00:00.0', '1990-11-15 00:00:00.0', 119);
INSERT INTO MOVIEDB.TBL_ACTOR(ID, FNAME, MNAME, LNAME, DATEOFBIRTH, DATEOFDEATH, BIRTHCOUNTRY) VALUES (39, 'Monique', null, 'van de Ven', '1952-07-28 00:00:00.0', null, 151);
INSERT INTO MOVIEDB.TBL_ACTOR(ID, FNAME, MNAME, LNAME, DATEOFBIRTH, DATEOFDEATH, BIRTHCOUNTRY) VALUES (40, 'Rutger', 'Oelsen', 'Hauer', '1944-01-23 00:00:00.0', null, 151);
INSERT INTO MOVIEDB.TBL_ACTOR(ID, FNAME, MNAME, LNAME, DATEOFBIRTH, DATEOFDEATH, BIRTHCOUNTRY) VALUES (41, 'Alexander', null, 'Kaidanovsky', '1946-07-23 00:00:00.0', '1995-12-03 00:00:00.0', 178);
INSERT INTO MOVIEDB.TBL_ACTOR(ID, FNAME, MNAME, LNAME, DATEOFBIRTH, DATEOFDEATH, BIRTHCOUNTRY) VALUES (42, 'Anatoly', null, 'Solonitsyn', '1934-08-30 00:00:00.0', '1982-06-11 00:00:00.0', 178);
INSERT INTO MOVIEDB.TBL_ACTOR(ID, FNAME, MNAME, LNAME, DATEOFBIRTH, DATEOFDEATH, BIRTHCOUNTRY) VALUES (43, 'Nikolai', 'Grigoryevich', 'Grinko', '1920-05-22 00:00:00.0', '1989-04-10 00:00:00.0', 178);
INSERT INTO MOVIEDB.TBL_ACTOR(ID, FNAME, MNAME, LNAME, DATEOFBIRTH, DATEOFDEATH, BIRTHCOUNTRY) VALUES (44, 'Maxim', 'Monguzhukovich', 'Munzuk', '1912-09-15 00:00:00.0', '1999-07-28 00:00:00.0', 178);
INSERT INTO MOVIEDB.TBL_ACTOR(ID, FNAME, MNAME, LNAME, DATEOFBIRTH, DATEOFDEATH, BIRTHCOUNTRY) VALUES (45, 'Yury', 'Mefodievich', 'Solomin', '1935-06-18 00:00:00.0', null, 178);
INSERT INTO MOVIEDB.TBL_ACTOR(ID, FNAME, MNAME, LNAME, DATEOFBIRTH, DATEOFDEATH, BIRTHCOUNTRY) VALUES (46, 'Bruce', null, 'Lee', '1940-11-27 00:00:00.0', '1973-07-20 00:00:00.0', 227);
INSERT INTO MOVIEDB.TBL_ACTOR(ID, FNAME, MNAME, LNAME, DATEOFBIRTH, DATEOFDEATH, BIRTHCOUNTRY) VALUES (47, 'Jim', null, 'Kelly', '1946-05-05 00:00:00.0', null, 227);
INSERT INTO MOVIEDB.TBL_ACTOR(ID, FNAME, MNAME, LNAME, DATEOFBIRTH, DATEOFDEATH, BIRTHCOUNTRY) VALUES (48, 'John', null, 'Saxon', '1935-08-05 00:00:00.0', null, 227);
INSERT INTO MOVIEDB.TBL_ACTOR(ID, FNAME, MNAME, LNAME, DATEOFBIRTH, DATEOFDEATH, BIRTHCOUNTRY) VALUES (49, 'Helmut', null, 'Kohl', '1935-08-05 00:00:00.0', null, 227);
INSERT INTO MOVIEDB.TBL_ACTOR(ID, FNAME, MNAME, LNAME, DATEOFBIRTH, DATEOFDEATH, BIRTHCOUNTRY) VALUES (50, 'Edouard', null, 'Mathe', '1886-01-07 00:00:00.0', '1934-02-25 00:00:00.0', 14);
INSERT INTO MOVIEDB.TBL_ACTOR(ID, FNAME, MNAME, LNAME, DATEOFBIRTH, DATEOFDEATH, BIRTHCOUNTRY) VALUES (51, 'Jeanne', 'Musidora', 'Roques', '1889-02-19 00:00:00.0', '1957-02-11 00:00:00.0', 74);
INSERT INTO MOVIEDB.TBL_ACTOR(ID, FNAME, MNAME, LNAME, DATEOFBIRTH, DATEOFDEATH, BIRTHCOUNTRY) VALUES (52, 'Marcel', null, 'Levesque', '1877-02-19 00:00:00.0', '1962-02-25 00:00:00.0', 74);
INSERT INTO MOVIEDB.TBL_ACTOR(ID, FNAME, MNAME, LNAME, DATEOFBIRTH, DATEOFDEATH, BIRTHCOUNTRY) VALUES (53, 'Ernst-Hugo', 'Alfred', 'Jaregard', '1928-12-12 00:00:00.0', '1998-09-06 00:00:00.0', 208);
INSERT INTO MOVIEDB.TBL_ACTOR(ID, FNAME, MNAME, LNAME, DATEOFBIRTH, DATEOFDEATH, BIRTHCOUNTRY) VALUES (54, 'Kirsten', null, 'Rolffes', '1928-09-20 00:00:00.0', '2000-04-10 00:00:00.0', 59);
INSERT INTO MOVIEDB.TBL_ACTOR(ID, FNAME, MNAME, LNAME, DATEOFBIRTH, DATEOFDEATH, BIRTHCOUNTRY) VALUES (55, 'Holger', 'Juul', 'Hansen', '1924-08-14 00:00:00.0', '2013-03-19 00:00:00.0', 59);
INSERT INTO MOVIEDB.TBL_ACTOR(ID, FNAME, MNAME, LNAME, DATEOFBIRTH, DATEOFDEATH, BIRTHCOUNTRY) VALUES (56, 'James', 'Joseph', 'Gandolfini', '1961-09-18 00:00:00.0', null, 227);
INSERT INTO MOVIEDB.TBL_ACTOR(ID, FNAME, MNAME, LNAME, DATEOFBIRTH, DATEOFDEATH, BIRTHCOUNTRY) VALUES (57, 'Edith', null, 'Falco', '1963-07-05 00:00:00.0', null, 227);
INSERT INTO MOVIEDB.TBL_ACTOR(ID, FNAME, MNAME, LNAME, DATEOFBIRTH, DATEOFDEATH, BIRTHCOUNTRY) VALUES (58, 'James', 'Michael', 'Imperioli', '1966-03-26 00:00:00.0', null, 227);
INSERT INTO MOVIEDB.TBL_ACTOR(ID, FNAME, MNAME, LNAME, DATEOFBIRTH, DATEOFDEATH, BIRTHCOUNTRY) VALUES (59, 'Aidan', null, 'Gillen', '1968-04-24 00:00:00.0', null, 104);
INSERT INTO MOVIEDB.TBL_ACTOR(ID, FNAME, MNAME, LNAME, DATEOFBIRTH, DATEOFDEATH, BIRTHCOUNTRY) VALUES (60, 'Ruth', null, 'Negga', '1982-07-05 00:00:00.0', null, 69);
INSERT INTO MOVIEDB.TBL_ACTOR(ID, FNAME, MNAME, LNAME, DATEOFBIRTH, DATEOFDEATH, BIRTHCOUNTRY) VALUES (61, 'Jimmy', null, 'Smallhorne', '1960-03-26 00:00:00.0', null, 227);
INSERT INTO MOVIEDB.TBL_ACTORMOVIE(ACTOR_ID, MOVIE_ID) VALUES (1, 1);
INSERT INTO MOVIEDB.TBL_ACTORMOVIE(ACTOR_ID, MOVIE_ID) VALUES (2, 1);
INSERT INTO MOVIEDB.TBL_ACTORMOVIE(ACTOR_ID, MOVIE_ID) VALUES (3, 1);
INSERT INTO MOVIEDB.TBL_ACTORMOVIE(ACTOR_ID, MOVIE_ID) VALUES (7, 1);
INSERT INTO MOVIEDB.TBL_ACTORMOVIE(ACTOR_ID, MOVIE_ID) VALUES (8, 1);
INSERT INTO MOVIEDB.TBL_ACTORMOVIE(ACTOR_ID, MOVIE_ID) VALUES (24, 1);
INSERT INTO MOVIEDB.TBL_ACTORMOVIE(ACTOR_ID, MOVIE_ID) VALUES (4, 2);
INSERT INTO MOVIEDB.TBL_ACTORMOVIE(ACTOR_ID, MOVIE_ID) VALUES (5, 2);
INSERT INTO MOVIEDB.TBL_ACTORMOVIE(ACTOR_ID, MOVIE_ID) VALUES (6, 2);
INSERT INTO MOVIEDB.TBL_ACTORMOVIE(ACTOR_ID, MOVIE_ID) VALUES (1, 3);
INSERT INTO MOVIEDB.TBL_ACTORMOVIE(ACTOR_ID, MOVIE_ID) VALUES (2, 3);
INSERT INTO MOVIEDB.TBL_ACTORMOVIE(ACTOR_ID, MOVIE_ID) VALUES (3, 3);
INSERT INTO MOVIEDB.TBL_ACTORMOVIE(ACTOR_ID, MOVIE_ID) VALUES (7, 3);
INSERT INTO MOVIEDB.TBL_ACTORMOVIE(ACTOR_ID, MOVIE_ID) VALUES (8, 3);
INSERT INTO MOVIEDB.TBL_ACTORMOVIE(ACTOR_ID, MOVIE_ID) VALUES (24, 3);
INSERT INTO MOVIEDB.TBL_ACTORMOVIE(ACTOR_ID, MOVIE_ID) VALUES (9, 4);
INSERT INTO MOVIEDB.TBL_ACTORMOVIE(ACTOR_ID, MOVIE_ID) VALUES (10, 4);
INSERT INTO MOVIEDB.TBL_ACTORMOVIE(ACTOR_ID, MOVIE_ID) VALUES (1, 5);
INSERT INTO MOVIEDB.TBL_ACTORMOVIE(ACTOR_ID, MOVIE_ID) VALUES (8, 5);
INSERT INTO MOVIEDB.TBL_ACTORMOVIE(ACTOR_ID, MOVIE_ID) VALUES (11, 5);
INSERT INTO MOVIEDB.TBL_ACTORMOVIE(ACTOR_ID, MOVIE_ID) VALUES (14, 6);
INSERT INTO MOVIEDB.TBL_ACTORMOVIE(ACTOR_ID, MOVIE_ID) VALUES (15, 7);
INSERT INTO MOVIEDB.TBL_ACTORMOVIE(ACTOR_ID, MOVIE_ID) VALUES (16, 7);
INSERT INTO MOVIEDB.TBL_ACTORMOVIE(ACTOR_ID, MOVIE_ID) VALUES (17, 7);
INSERT INTO MOVIEDB.TBL_ACTORMOVIE(ACTOR_ID, MOVIE_ID) VALUES (18, 8);
INSERT INTO MOVIEDB.TBL_ACTORMOVIE(ACTOR_ID, MOVIE_ID) VALUES (19, 8);
INSERT INTO MOVIEDB.TBL_ACTORMOVIE(ACTOR_ID, MOVIE_ID) VALUES (20, 8);
INSERT INTO MOVIEDB.TBL_ACTORMOVIE(ACTOR_ID, MOVIE_ID) VALUES (7, 9);
INSERT INTO MOVIEDB.TBL_ACTORMOVIE(ACTOR_ID, MOVIE_ID) VALUES (21, 9);
INSERT INTO MOVIEDB.TBL_ACTORMOVIE(ACTOR_ID, MOVIE_ID) VALUES (22, 9);
INSERT INTO MOVIEDB.TBL_ACTORMOVIE(ACTOR_ID, MOVIE_ID) VALUES (7, 10);
INSERT INTO MOVIEDB.TBL_ACTORMOVIE(ACTOR_ID, MOVIE_ID) VALUES (23, 10);
INSERT INTO MOVIEDB.TBL_ACTORMOVIE(ACTOR_ID, MOVIE_ID) VALUES (24, 10);
INSERT INTO MOVIEDB.TBL_ACTORMOVIE(ACTOR_ID, MOVIE_ID) VALUES (10, 11);
INSERT INTO MOVIEDB.TBL_ACTORMOVIE(ACTOR_ID, MOVIE_ID) VALUES (12, 11);
INSERT INTO MOVIEDB.TBL_ACTORMOVIE(ACTOR_ID, MOVIE_ID) VALUES (13, 11);
INSERT INTO MOVIEDB.TBL_ACTORMOVIE(ACTOR_ID, MOVIE_ID) VALUES (25, 12);
INSERT INTO MOVIEDB.TBL_ACTORMOVIE(ACTOR_ID, MOVIE_ID) VALUES (26, 12);
INSERT INTO MOVIEDB.TBL_ACTORMOVIE(ACTOR_ID, MOVIE_ID) VALUES (27, 12);
INSERT INTO MOVIEDB.TBL_ACTORMOVIE(ACTOR_ID, MOVIE_ID) VALUES (28, 13);
INSERT INTO MOVIEDB.TBL_ACTORMOVIE(ACTOR_ID, MOVIE_ID) VALUES (29, 13);
INSERT INTO MOVIEDB.TBL_ACTORMOVIE(ACTOR_ID, MOVIE_ID) VALUES (30, 13);
INSERT INTO MOVIEDB.TBL_ACTORMOVIE(ACTOR_ID, MOVIE_ID) VALUES (31, 14);
INSERT INTO MOVIEDB.TBL_ACTORMOVIE(ACTOR_ID, MOVIE_ID) VALUES (32, 14);
INSERT INTO MOVIEDB.TBL_ACTORMOVIE(ACTOR_ID, MOVIE_ID) VALUES (33, 15);
INSERT INTO MOVIEDB.TBL_ACTORMOVIE(ACTOR_ID, MOVIE_ID) VALUES (34, 15);
INSERT INTO MOVIEDB.TBL_ACTORMOVIE(ACTOR_ID, MOVIE_ID) VALUES (35, 15);
INSERT INTO MOVIEDB.TBL_ACTORMOVIE(ACTOR_ID, MOVIE_ID) VALUES (36, 16);
INSERT INTO MOVIEDB.TBL_ACTORMOVIE(ACTOR_ID, MOVIE_ID) VALUES (37, 16);
INSERT INTO MOVIEDB.TBL_ACTORMOVIE(ACTOR_ID, MOVIE_ID) VALUES (38, 16);
INSERT INTO MOVIEDB.TBL_ACTORMOVIE(ACTOR_ID, MOVIE_ID) VALUES (39, 17);
INSERT INTO MOVIEDB.TBL_ACTORMOVIE(ACTOR_ID, MOVIE_ID) VALUES (40, 17);
INSERT INTO MOVIEDB.TBL_ACTORMOVIE(ACTOR_ID, MOVIE_ID) VALUES (41, 18);
INSERT INTO MOVIEDB.TBL_ACTORMOVIE(ACTOR_ID, MOVIE_ID) VALUES (42, 18);
INSERT INTO MOVIEDB.TBL_ACTORMOVIE(ACTOR_ID, MOVIE_ID) VALUES (43, 18);
INSERT INTO MOVIEDB.TBL_ACTORMOVIE(ACTOR_ID, MOVIE_ID) VALUES (44, 19);
INSERT INTO MOVIEDB.TBL_ACTORMOVIE(ACTOR_ID, MOVIE_ID) VALUES (45, 19);
INSERT INTO MOVIEDB.TBL_ACTORMOVIE(ACTOR_ID, MOVIE_ID) VALUES (46, 20);
INSERT INTO MOVIEDB.TBL_ACTORMOVIE(ACTOR_ID, MOVIE_ID) VALUES (47, 20);
INSERT INTO MOVIEDB.TBL_ACTORMOVIE(ACTOR_ID, MOVIE_ID) VALUES (48, 20);
INSERT INTO MOVIEDB.TBL_ACTORSERIES(ACTOR_ID, SERIES_ID) VALUES (50, 1);
INSERT INTO MOVIEDB.TBL_ACTORSERIES(ACTOR_ID, SERIES_ID) VALUES (51, 1);
INSERT INTO MOVIEDB.TBL_ACTORSERIES(ACTOR_ID, SERIES_ID) VALUES (52, 1);
INSERT INTO MOVIEDB.TBL_ACTORSERIES(ACTOR_ID, SERIES_ID) VALUES (53, 2);
INSERT INTO MOVIEDB.TBL_ACTORSERIES(ACTOR_ID, SERIES_ID) VALUES (54, 2);
INSERT INTO MOVIEDB.TBL_ACTORSERIES(ACTOR_ID, SERIES_ID) VALUES (55, 2);
INSERT INTO MOVIEDB.TBL_ACTORSERIES(ACTOR_ID, SERIES_ID) VALUES (56, 3);
INSERT INTO MOVIEDB.TBL_ACTORSERIES(ACTOR_ID, SERIES_ID) VALUES (57, 3);
INSERT INTO MOVIEDB.TBL_ACTORSERIES(ACTOR_ID, SERIES_ID) VALUES (58, 3);
INSERT INTO MOVIEDB.TBL_ACTORSERIES(ACTOR_ID, SERIES_ID) VALUES (59, 4);
INSERT INTO MOVIEDB.TBL_ACTORSERIES(ACTOR_ID, SERIES_ID) VALUES (60, 4);
INSERT INTO MOVIEDB.TBL_ACTORSERIES(ACTOR_ID, SERIES_ID) VALUES (61, 4);
INSERT INTO MOVIEDB.TBL_COUNTRY(ID, ISO3, NAME_EN) VALUES (1, 'AFG', 'Afghanistan');
INSERT INTO MOVIEDB.TBL_COUNTRY(ID, ISO3, NAME_EN) VALUES (2, 'ALA', '?land Islands');
INSERT INTO MOVIEDB.TBL_COUNTRY(ID, ISO3, NAME_EN) VALUES (3, 'ALB', 'Albania');
INSERT INTO MOVIEDB.TBL_COUNTRY(ID, ISO3, NAME_EN) VALUES (4, 'DZA', 'Algeria (El Djaza‹r)');
INSERT INTO MOVIEDB.TBL_COUNTRY(ID, ISO3, NAME_EN) VALUES (5, 'ASM', 'American Samoa');
INSERT INTO MOVIEDB.TBL_COUNTRY(ID, ISO3, NAME_EN) VALUES (6, 'AND', 'Andorra');
INSERT INTO MOVIEDB.TBL_COUNTRY(ID, ISO3, NAME_EN) VALUES (7, 'AGO', 'Angola');
INSERT INTO MOVIEDB.TBL_COUNTRY(ID, ISO3, NAME_EN) VALUES (8, 'AIA', 'Anguilla');
INSERT INTO MOVIEDB.TBL_COUNTRY(ID, ISO3, NAME_EN) VALUES (9, 'ATA', 'Antarctica');
INSERT INTO MOVIEDB.TBL_COUNTRY(ID, ISO3, NAME_EN) VALUES (10, 'ATG', 'Antigua and Barbuda');
INSERT INTO MOVIEDB.TBL_COUNTRY(ID, ISO3, NAME_EN) VALUES (11, 'ARG', 'Argentina');
INSERT INTO MOVIEDB.TBL_COUNTRY(ID, ISO3, NAME_EN) VALUES (12, 'ARM', 'Armenia');
INSERT INTO MOVIEDB.TBL_COUNTRY(ID, ISO3, NAME_EN) VALUES (13, 'ABW', 'Aruba');
INSERT INTO MOVIEDB.TBL_COUNTRY(ID, ISO3, NAME_EN) VALUES (14, 'AUS', 'Australia');
INSERT INTO MOVIEDB.TBL_COUNTRY(ID, ISO3, NAME_EN) VALUES (15, 'AUT', 'Austria');
INSERT INTO MOVIEDB.TBL_COUNTRY(ID, ISO3, NAME_EN) VALUES (16, 'AZE', 'Azerbaijan');
INSERT INTO MOVIEDB.TBL_COUNTRY(ID, ISO3, NAME_EN) VALUES (17, 'BHS', 'Bahamas');
INSERT INTO MOVIEDB.TBL_COUNTRY(ID, ISO3, NAME_EN) VALUES (18, 'BHR', 'Bahrain');
INSERT INTO MOVIEDB.TBL_COUNTRY(ID, ISO3, NAME_EN) VALUES (19, 'BGD', 'Bangladesh');
INSERT INTO MOVIEDB.TBL_COUNTRY(ID, ISO3, NAME_EN) VALUES (20, 'BRB', 'Barbados');
INSERT INTO MOVIEDB.TBL_COUNTRY(ID, ISO3, NAME_EN) VALUES (21, 'BLR', 'Belarus');
INSERT INTO MOVIEDB.TBL_COUNTRY(ID, ISO3, NAME_EN) VALUES (22, 'BEL', 'Belgium');
INSERT INTO MOVIEDB.TBL_COUNTRY(ID, ISO3, NAME_EN) VALUES (23, 'BLZ', 'Belize');
INSERT INTO MOVIEDB.TBL_COUNTRY(ID, ISO3, NAME_EN) VALUES (24, 'BEN', 'Benin');
INSERT INTO MOVIEDB.TBL_COUNTRY(ID, ISO3, NAME_EN) VALUES (25, 'BMU', 'Bermuda');
INSERT INTO MOVIEDB.TBL_COUNTRY(ID, ISO3, NAME_EN) VALUES (26, 'BTN', 'Bhutan');
INSERT INTO MOVIEDB.TBL_COUNTRY(ID, ISO3, NAME_EN) VALUES (27, 'BOL', 'Bolivia');
INSERT INTO MOVIEDB.TBL_COUNTRY(ID, ISO3, NAME_EN) VALUES (28, 'BIH', 'Bosnia and Herzegovina');
INSERT INTO MOVIEDB.TBL_COUNTRY(ID, ISO3, NAME_EN) VALUES (29, 'BWA', 'Botswana');
INSERT INTO MOVIEDB.TBL_COUNTRY(ID, ISO3, NAME_EN) VALUES (30, 'BVT', 'Bouvet Island');
INSERT INTO MOVIEDB.TBL_COUNTRY(ID, ISO3, NAME_EN) VALUES (31, 'BRA', 'Brazil');
INSERT INTO MOVIEDB.TBL_COUNTRY(ID, ISO3, NAME_EN) VALUES (32, 'IOT', 'British Indian Ocean Territory');
INSERT INTO MOVIEDB.TBL_COUNTRY(ID, ISO3, NAME_EN) VALUES (33, 'BRN', 'Brunei Darussalam');
INSERT INTO MOVIEDB.TBL_COUNTRY(ID, ISO3, NAME_EN) VALUES (34, 'BGR', 'Bulgaria');
INSERT INTO MOVIEDB.TBL_COUNTRY(ID, ISO3, NAME_EN) VALUES (35, 'BFA', 'Burkina Faso');
INSERT INTO MOVIEDB.TBL_COUNTRY(ID, ISO3, NAME_EN) VALUES (36, 'BDI', 'Burundi');
INSERT INTO MOVIEDB.TBL_COUNTRY(ID, ISO3, NAME_EN) VALUES (37, 'KHM', 'Cambodia');
INSERT INTO MOVIEDB.TBL_COUNTRY(ID, ISO3, NAME_EN) VALUES (38, 'CMR', 'Cameroon');
INSERT INTO MOVIEDB.TBL_COUNTRY(ID, ISO3, NAME_EN) VALUES (39, 'CAN', 'Canada');
INSERT INTO MOVIEDB.TBL_COUNTRY(ID, ISO3, NAME_EN) VALUES (40, 'CPV', 'Cape Verde');
INSERT INTO MOVIEDB.TBL_COUNTRY(ID, ISO3, NAME_EN) VALUES (41, 'CYM', 'Cayman Islands');
INSERT INTO MOVIEDB.TBL_COUNTRY(ID, ISO3, NAME_EN) VALUES (42, 'CAF', 'Central African Republic');
INSERT INTO MOVIEDB.TBL_COUNTRY(ID, ISO3, NAME_EN) VALUES (43, 'TCD', 'Chad (T''Chad)');
INSERT INTO MOVIEDB.TBL_COUNTRY(ID, ISO3, NAME_EN) VALUES (44, 'CHL', 'Chile');
INSERT INTO MOVIEDB.TBL_COUNTRY(ID, ISO3, NAME_EN) VALUES (45, 'CHN', 'China');
INSERT INTO MOVIEDB.TBL_COUNTRY(ID, ISO3, NAME_EN) VALUES (46, 'CXR', 'Christmas Island');
INSERT INTO MOVIEDB.TBL_COUNTRY(ID, ISO3, NAME_EN) VALUES (47, 'CCK', 'Cocos (Keeling) Islands');
INSERT INTO MOVIEDB.TBL_COUNTRY(ID, ISO3, NAME_EN) VALUES (48, 'COL', 'Colombia');
INSERT INTO MOVIEDB.TBL_COUNTRY(ID, ISO3, NAME_EN) VALUES (49, 'COM', 'Comoros');
INSERT INTO MOVIEDB.TBL_COUNTRY(ID, ISO3, NAME_EN) VALUES (50, 'COG', 'Congo, Republic Of');
INSERT INTO MOVIEDB.TBL_COUNTRY(ID, ISO3, NAME_EN) VALUES (51, 'COD', 'Congo, The Democratic Republic of the (formerly Zaire)');
INSERT INTO MOVIEDB.TBL_COUNTRY(ID, ISO3, NAME_EN) VALUES (52, 'COK', 'Cook Islands');
INSERT INTO MOVIEDB.TBL_COUNTRY(ID, ISO3, NAME_EN) VALUES (53, 'CRI', 'Costa Rica');
INSERT INTO MOVIEDB.TBL_COUNTRY(ID, ISO3, NAME_EN) VALUES (54, 'CIV', 'Câte D''Ivoire (Ivory Coast)');
INSERT INTO MOVIEDB.TBL_COUNTRY(ID, ISO3, NAME_EN) VALUES (55, 'HRV', 'Croatia (hrvatska)');
INSERT INTO MOVIEDB.TBL_COUNTRY(ID, ISO3, NAME_EN) VALUES (56, 'CUB', 'Cuba');
INSERT INTO MOVIEDB.TBL_COUNTRY(ID, ISO3, NAME_EN) VALUES (57, 'CYP', 'Cyprus');
INSERT INTO MOVIEDB.TBL_COUNTRY(ID, ISO3, NAME_EN) VALUES (58, 'CZE', 'Czech Republic');
INSERT INTO MOVIEDB.TBL_COUNTRY(ID, ISO3, NAME_EN) VALUES (59, 'DNK', 'Denmark');
INSERT INTO MOVIEDB.TBL_COUNTRY(ID, ISO3, NAME_EN) VALUES (60, 'DJI', 'Djibouti');
INSERT INTO MOVIEDB.TBL_COUNTRY(ID, ISO3, NAME_EN) VALUES (61, 'DMA', 'Dominica');
INSERT INTO MOVIEDB.TBL_COUNTRY(ID, ISO3, NAME_EN) VALUES (62, 'DOM', 'Dominican Republic');
INSERT INTO MOVIEDB.TBL_COUNTRY(ID, ISO3, NAME_EN) VALUES (63, 'ECU', 'Ecuador');
INSERT INTO MOVIEDB.TBL_COUNTRY(ID, ISO3, NAME_EN) VALUES (64, 'EGY', 'Egypt');
INSERT INTO MOVIEDB.TBL_COUNTRY(ID, ISO3, NAME_EN) VALUES (65, 'SLV', 'El Salvador');
INSERT INTO MOVIEDB.TBL_COUNTRY(ID, ISO3, NAME_EN) VALUES (66, 'GNQ', 'Equatorial Guinea');
INSERT INTO MOVIEDB.TBL_COUNTRY(ID, ISO3, NAME_EN) VALUES (67, 'ERI', 'Eritrea');
INSERT INTO MOVIEDB.TBL_COUNTRY(ID, ISO3, NAME_EN) VALUES (68, 'EST', 'Estonia');
INSERT INTO MOVIEDB.TBL_COUNTRY(ID, ISO3, NAME_EN) VALUES (69, 'ETH', 'Ethiopia');
INSERT INTO MOVIEDB.TBL_COUNTRY(ID, ISO3, NAME_EN) VALUES (70, 'FRO', 'Faeroe Islands');
INSERT INTO MOVIEDB.TBL_COUNTRY(ID, ISO3, NAME_EN) VALUES (71, 'FLK', 'Falkland Islands (Malvinas)');
INSERT INTO MOVIEDB.TBL_COUNTRY(ID, ISO3, NAME_EN) VALUES (72, 'FJI', 'Fiji');
INSERT INTO MOVIEDB.TBL_COUNTRY(ID, ISO3, NAME_EN) VALUES (73, 'FIN', 'Finland');
INSERT INTO MOVIEDB.TBL_COUNTRY(ID, ISO3, NAME_EN) VALUES (74, 'FRA', 'France');
INSERT INTO MOVIEDB.TBL_COUNTRY(ID, ISO3, NAME_EN) VALUES (75, 'GUF', 'French Guiana');
INSERT INTO MOVIEDB.TBL_COUNTRY(ID, ISO3, NAME_EN) VALUES (76, 'PYF', 'French Polynesia');
INSERT INTO MOVIEDB.TBL_COUNTRY(ID, ISO3, NAME_EN) VALUES (77, 'ATF', 'French Southern Territories');
INSERT INTO MOVIEDB.TBL_COUNTRY(ID, ISO3, NAME_EN) VALUES (78, 'GAB', 'Gabon');
INSERT INTO MOVIEDB.TBL_COUNTRY(ID, ISO3, NAME_EN) VALUES (79, 'GMB', 'Gambia, The');
INSERT INTO MOVIEDB.TBL_COUNTRY(ID, ISO3, NAME_EN) VALUES (80, 'GEO', 'Georgia');
INSERT INTO MOVIEDB.TBL_COUNTRY(ID, ISO3, NAME_EN) VALUES (81, 'DEU', 'Germany (Deutschland)');
INSERT INTO MOVIEDB.TBL_COUNTRY(ID, ISO3, NAME_EN) VALUES (82, 'GHA', 'Ghana');
INSERT INTO MOVIEDB.TBL_COUNTRY(ID, ISO3, NAME_EN) VALUES (83, 'GIB', 'Gibraltar');
INSERT INTO MOVIEDB.TBL_COUNTRY(ID, ISO3, NAME_EN) VALUES (84, 'GBR', 'Great Britain');
INSERT INTO MOVIEDB.TBL_COUNTRY(ID, ISO3, NAME_EN) VALUES (85, 'GRC', 'Greece');
INSERT INTO MOVIEDB.TBL_COUNTRY(ID, ISO3, NAME_EN) VALUES (86, 'GRL', 'Greenland');
INSERT INTO MOVIEDB.TBL_COUNTRY(ID, ISO3, NAME_EN) VALUES (87, 'GRD', 'Grenada');
INSERT INTO MOVIEDB.TBL_COUNTRY(ID, ISO3, NAME_EN) VALUES (88, 'GLP', 'Guadeloupe');
INSERT INTO MOVIEDB.TBL_COUNTRY(ID, ISO3, NAME_EN) VALUES (89, 'GUM', 'Guam');
INSERT INTO MOVIEDB.TBL_COUNTRY(ID, ISO3, NAME_EN) VALUES (90, 'GTM', 'Guatemala');
INSERT INTO MOVIEDB.TBL_COUNTRY(ID, ISO3, NAME_EN) VALUES (91, 'GIN', 'Guinea');
INSERT INTO MOVIEDB.TBL_COUNTRY(ID, ISO3, NAME_EN) VALUES (92, 'GNB', 'Guinea-bissau');
INSERT INTO MOVIEDB.TBL_COUNTRY(ID, ISO3, NAME_EN) VALUES (93, 'GUY', 'Guyana');
INSERT INTO MOVIEDB.TBL_COUNTRY(ID, ISO3, NAME_EN) VALUES (94, 'HTI', 'Haiti');
INSERT INTO MOVIEDB.TBL_COUNTRY(ID, ISO3, NAME_EN) VALUES (95, 'HMD', 'Heard Island and Mcdonald Islands');
INSERT INTO MOVIEDB.TBL_COUNTRY(ID, ISO3, NAME_EN) VALUES (96, 'HND', 'Honduras');
INSERT INTO MOVIEDB.TBL_COUNTRY(ID, ISO3, NAME_EN) VALUES (97, 'HKG', 'Hong Kong (Special Administrative Region of China)');
INSERT INTO MOVIEDB.TBL_COUNTRY(ID, ISO3, NAME_EN) VALUES (98, 'HUN', 'Hungary');
INSERT INTO MOVIEDB.TBL_COUNTRY(ID, ISO3, NAME_EN) VALUES (99, 'ISL', 'Iceland');
INSERT INTO MOVIEDB.TBL_COUNTRY(ID, ISO3, NAME_EN) VALUES (100, 'IND', 'India');
INSERT INTO MOVIEDB.TBL_COUNTRY(ID, ISO3, NAME_EN) VALUES (101, 'IDN', 'Indonesia');
INSERT INTO MOVIEDB.TBL_COUNTRY(ID, ISO3, NAME_EN) VALUES (102, 'IRN', 'Iran (Islamic Republic of Iran)');
INSERT INTO MOVIEDB.TBL_COUNTRY(ID, ISO3, NAME_EN) VALUES (103, 'IRQ', 'Iraq');
INSERT INTO MOVIEDB.TBL_COUNTRY(ID, ISO3, NAME_EN) VALUES (104, 'IRL', 'Ireland');
INSERT INTO MOVIEDB.TBL_COUNTRY(ID, ISO3, NAME_EN) VALUES (105, 'ISR', 'Israel');
INSERT INTO MOVIEDB.TBL_COUNTRY(ID, ISO3, NAME_EN) VALUES (106, 'ITA', 'Italy');
INSERT INTO MOVIEDB.TBL_COUNTRY(ID, ISO3, NAME_EN) VALUES (107, 'JAM', 'Jamaica');
INSERT INTO MOVIEDB.TBL_COUNTRY(ID, ISO3, NAME_EN) VALUES (108, 'JPN', 'Japan');
INSERT INTO MOVIEDB.TBL_COUNTRY(ID, ISO3, NAME_EN) VALUES (109, 'JOR', 'Jordan (Hashemite Kingdom of Jordan)');
INSERT INTO MOVIEDB.TBL_COUNTRY(ID, ISO3, NAME_EN) VALUES (110, 'KAZ', 'Kazakhstan');
INSERT INTO MOVIEDB.TBL_COUNTRY(ID, ISO3, NAME_EN) VALUES (111, 'KEN', 'Kenya');
INSERT INTO MOVIEDB.TBL_COUNTRY(ID, ISO3, NAME_EN) VALUES (112, 'KIR', 'Kiribati');
INSERT INTO MOVIEDB.TBL_COUNTRY(ID, ISO3, NAME_EN) VALUES (113, 'PRK', 'Korea (Democratic Peoples Republic pf [North] Korea)');
INSERT INTO MOVIEDB.TBL_COUNTRY(ID, ISO3, NAME_EN) VALUES (114, 'KOR', 'Korea (Republic of [South] Korea)');
INSERT INTO MOVIEDB.TBL_COUNTRY(ID, ISO3, NAME_EN) VALUES (115, 'KWT', 'Kuwait');
INSERT INTO MOVIEDB.TBL_COUNTRY(ID, ISO3, NAME_EN) VALUES (116, 'KGZ', 'Kyrgyzstan');
INSERT INTO MOVIEDB.TBL_COUNTRY(ID, ISO3, NAME_EN) VALUES (117, 'LAO', 'Lao People''s Democratic Republic');
INSERT INTO MOVIEDB.TBL_COUNTRY(ID, ISO3, NAME_EN) VALUES (118, 'LVA', 'Latvia');
INSERT INTO MOVIEDB.TBL_COUNTRY(ID, ISO3, NAME_EN) VALUES (119, 'LBN', 'Lebanon');
INSERT INTO MOVIEDB.TBL_COUNTRY(ID, ISO3, NAME_EN) VALUES (120, 'LSO', 'Lesotho');
INSERT INTO MOVIEDB.TBL_COUNTRY(ID, ISO3, NAME_EN) VALUES (121, 'LBR', 'Liberia');
INSERT INTO MOVIEDB.TBL_COUNTRY(ID, ISO3, NAME_EN) VALUES (122, 'LBY', 'Libya (Libyan Arab Jamahirya)');
INSERT INTO MOVIEDB.TBL_COUNTRY(ID, ISO3, NAME_EN) VALUES (123, 'LIE', 'Liechtenstein (F?rstentum Liechtenstein)');
INSERT INTO MOVIEDB.TBL_COUNTRY(ID, ISO3, NAME_EN) VALUES (124, 'LTU', 'Lithuania');
INSERT INTO MOVIEDB.TBL_COUNTRY(ID, ISO3, NAME_EN) VALUES (125, 'LUX', 'Luxembourg');
INSERT INTO MOVIEDB.TBL_COUNTRY(ID, ISO3, NAME_EN) VALUES (126, 'MAC', 'Macao (Special Administrative Region of China)');
INSERT INTO MOVIEDB.TBL_COUNTRY(ID, ISO3, NAME_EN) VALUES (127, 'MKD', 'Macedonia (Former Yugoslav Republic of Macedonia)');
INSERT INTO MOVIEDB.TBL_COUNTRY(ID, ISO3, NAME_EN) VALUES (128, 'MDG', 'Madagascar');
INSERT INTO MOVIEDB.TBL_COUNTRY(ID, ISO3, NAME_EN) VALUES (129, 'MWI', 'Malawi');
INSERT INTO MOVIEDB.TBL_COUNTRY(ID, ISO3, NAME_EN) VALUES (130, 'MYS', 'Malaysia');
INSERT INTO MOVIEDB.TBL_COUNTRY(ID, ISO3, NAME_EN) VALUES (131, 'MDV', 'Maldives');
INSERT INTO MOVIEDB.TBL_COUNTRY(ID, ISO3, NAME_EN) VALUES (132, 'MLI', 'Mali');
INSERT INTO MOVIEDB.TBL_COUNTRY(ID, ISO3, NAME_EN) VALUES (133, 'MLT', 'Malta');
INSERT INTO MOVIEDB.TBL_COUNTRY(ID, ISO3, NAME_EN) VALUES (134, 'MHL', 'Marshall Islands');
INSERT INTO MOVIEDB.TBL_COUNTRY(ID, ISO3, NAME_EN) VALUES (135, 'MTQ', 'Martinique');
INSERT INTO MOVIEDB.TBL_COUNTRY(ID, ISO3, NAME_EN) VALUES (136, 'MRT', 'Mauritania');
INSERT INTO MOVIEDB.TBL_COUNTRY(ID, ISO3, NAME_EN) VALUES (137, 'MUS', 'Mauritius');
INSERT INTO MOVIEDB.TBL_COUNTRY(ID, ISO3, NAME_EN) VALUES (138, 'MYT', 'Mayotte');
INSERT INTO MOVIEDB.TBL_COUNTRY(ID, ISO3, NAME_EN) VALUES (139, 'MEX', 'Mexico');
INSERT INTO MOVIEDB.TBL_COUNTRY(ID, ISO3, NAME_EN) VALUES (140, 'FSM', 'Micronesia (Federated States of Micronesia)');
INSERT INTO MOVIEDB.TBL_COUNTRY(ID, ISO3, NAME_EN) VALUES (141, 'MDA', 'Moldova');
INSERT INTO MOVIEDB.TBL_COUNTRY(ID, ISO3, NAME_EN) VALUES (142, 'MCO', 'Monaco');
INSERT INTO MOVIEDB.TBL_COUNTRY(ID, ISO3, NAME_EN) VALUES (143, 'MNG', 'Mongolia');
INSERT INTO MOVIEDB.TBL_COUNTRY(ID, ISO3, NAME_EN) VALUES (144, 'MSR', 'Montserrat');
INSERT INTO MOVIEDB.TBL_COUNTRY(ID, ISO3, NAME_EN) VALUES (145, 'MAR', 'Morocco');
INSERT INTO MOVIEDB.TBL_COUNTRY(ID, ISO3, NAME_EN) VALUES (146, 'MOZ', 'Mozambique (Mo‡ambique)');
INSERT INTO MOVIEDB.TBL_COUNTRY(ID, ISO3, NAME_EN) VALUES (147, 'MMR', 'Myanmar (formerly Burma)');
INSERT INTO MOVIEDB.TBL_COUNTRY(ID, ISO3, NAME_EN) VALUES (148, 'NAM', 'Namibia');
INSERT INTO MOVIEDB.TBL_COUNTRY(ID, ISO3, NAME_EN) VALUES (149, 'NRU', 'Nauru');
INSERT INTO MOVIEDB.TBL_COUNTRY(ID, ISO3, NAME_EN) VALUES (150, 'NPL', 'Nepal');
INSERT INTO MOVIEDB.TBL_COUNTRY(ID, ISO3, NAME_EN) VALUES (151, 'NLD', 'Netherlands');
INSERT INTO MOVIEDB.TBL_COUNTRY(ID, ISO3, NAME_EN) VALUES (152, 'ANT', 'Netherlands Antilles');
INSERT INTO MOVIEDB.TBL_COUNTRY(ID, ISO3, NAME_EN) VALUES (153, 'NCL', 'New Caledonia');
INSERT INTO MOVIEDB.TBL_COUNTRY(ID, ISO3, NAME_EN) VALUES (154, 'NZL', 'New Zealand');
INSERT INTO MOVIEDB.TBL_COUNTRY(ID, ISO3, NAME_EN) VALUES (155, 'NIC', 'Nicaragua');
INSERT INTO MOVIEDB.TBL_COUNTRY(ID, ISO3, NAME_EN) VALUES (156, 'NER', 'Niger');
INSERT INTO MOVIEDB.TBL_COUNTRY(ID, ISO3, NAME_EN) VALUES (157, 'NGA', 'Nigeria');
INSERT INTO MOVIEDB.TBL_COUNTRY(ID, ISO3, NAME_EN) VALUES (158, 'NIU', 'Niue');
INSERT INTO MOVIEDB.TBL_COUNTRY(ID, ISO3, NAME_EN) VALUES (159, 'NFK', 'Norfolk Island');
INSERT INTO MOVIEDB.TBL_COUNTRY(ID, ISO3, NAME_EN) VALUES (160, 'MNP', 'Northern Mariana Islands');
INSERT INTO MOVIEDB.TBL_COUNTRY(ID, ISO3, NAME_EN) VALUES (161, 'NOR', 'Norway');
INSERT INTO MOVIEDB.TBL_COUNTRY(ID, ISO3, NAME_EN) VALUES (162, 'OMN', 'Oman');
INSERT INTO MOVIEDB.TBL_COUNTRY(ID, ISO3, NAME_EN) VALUES (163, 'PAK', 'Pakistan');
INSERT INTO MOVIEDB.TBL_COUNTRY(ID, ISO3, NAME_EN) VALUES (164, 'PLW', 'Palau');
INSERT INTO MOVIEDB.TBL_COUNTRY(ID, ISO3, NAME_EN) VALUES (165, 'PSE', 'Palestinian Territories');
INSERT INTO MOVIEDB.TBL_COUNTRY(ID, ISO3, NAME_EN) VALUES (166, 'PAN', 'Panama');
INSERT INTO MOVIEDB.TBL_COUNTRY(ID, ISO3, NAME_EN) VALUES (167, 'PNG', 'Papua New Guinea');
INSERT INTO MOVIEDB.TBL_COUNTRY(ID, ISO3, NAME_EN) VALUES (168, 'PRY', 'Paraguay');
INSERT INTO MOVIEDB.TBL_COUNTRY(ID, ISO3, NAME_EN) VALUES (169, 'PER', 'Peru');
INSERT INTO MOVIEDB.TBL_COUNTRY(ID, ISO3, NAME_EN) VALUES (170, 'PHL', 'Philippines');
INSERT INTO MOVIEDB.TBL_COUNTRY(ID, ISO3, NAME_EN) VALUES (171, 'PCN', 'Pitcairn');
INSERT INTO MOVIEDB.TBL_COUNTRY(ID, ISO3, NAME_EN) VALUES (172, 'POL', 'Poland');
INSERT INTO MOVIEDB.TBL_COUNTRY(ID, ISO3, NAME_EN) VALUES (173, 'PRT', 'Portugal');
INSERT INTO MOVIEDB.TBL_COUNTRY(ID, ISO3, NAME_EN) VALUES (174, 'PRI', 'Puerto Rico');
INSERT INTO MOVIEDB.TBL_COUNTRY(ID, ISO3, NAME_EN) VALUES (175, 'QAT', 'Qatar');
INSERT INTO MOVIEDB.TBL_COUNTRY(ID, ISO3, NAME_EN) VALUES (176, 'REU', 'R?union');
INSERT INTO MOVIEDB.TBL_COUNTRY(ID, ISO3, NAME_EN) VALUES (177, 'ROU', 'Romania');
INSERT INTO MOVIEDB.TBL_COUNTRY(ID, ISO3, NAME_EN) VALUES (178, 'RUS', 'Russian Federation');
INSERT INTO MOVIEDB.TBL_COUNTRY(ID, ISO3, NAME_EN) VALUES (179, 'RWA', 'Rwanda');
INSERT INTO MOVIEDB.TBL_COUNTRY(ID, ISO3, NAME_EN) VALUES (180, 'SHN', 'Saint Helena');
INSERT INTO MOVIEDB.TBL_COUNTRY(ID, ISO3, NAME_EN) VALUES (181, 'KNA', 'Saint Kitts and Nevis');
INSERT INTO MOVIEDB.TBL_COUNTRY(ID, ISO3, NAME_EN) VALUES (182, 'LCA', 'Saint Lucia');
INSERT INTO MOVIEDB.TBL_COUNTRY(ID, ISO3, NAME_EN) VALUES (183, 'SPM', 'Saint Pierre and Miquelon');
INSERT INTO MOVIEDB.TBL_COUNTRY(ID, ISO3, NAME_EN) VALUES (184, 'VCT', 'Saint Vincent and the Grenadines');
INSERT INTO MOVIEDB.TBL_COUNTRY(ID, ISO3, NAME_EN) VALUES (185, 'WSM', 'Samoa (formerly Western Samoa)');
INSERT INTO MOVIEDB.TBL_COUNTRY(ID, ISO3, NAME_EN) VALUES (186, 'SMR', 'San Marino (Republic of)');
INSERT INTO MOVIEDB.TBL_COUNTRY(ID, ISO3, NAME_EN) VALUES (187, 'STP', 'Sao Tome and Principe');
INSERT INTO MOVIEDB.TBL_COUNTRY(ID, ISO3, NAME_EN) VALUES (188, 'SAU', 'Saudi Arabia (Kingdom of Saudi Arabia)');
INSERT INTO MOVIEDB.TBL_COUNTRY(ID, ISO3, NAME_EN) VALUES (189, 'SEN', 'Senegal');
INSERT INTO MOVIEDB.TBL_COUNTRY(ID, ISO3, NAME_EN) VALUES (190, 'SCG', 'Serbia and Montenegro (formerly Yugoslavia)');
INSERT INTO MOVIEDB.TBL_COUNTRY(ID, ISO3, NAME_EN) VALUES (191, 'SYC', 'Seychelles');
INSERT INTO MOVIEDB.TBL_COUNTRY(ID, ISO3, NAME_EN) VALUES (192, 'SLE', 'Sierra Leone');
INSERT INTO MOVIEDB.TBL_COUNTRY(ID, ISO3, NAME_EN) VALUES (193, 'SGP', 'Singapore');
INSERT INTO MOVIEDB.TBL_COUNTRY(ID, ISO3, NAME_EN) VALUES (194, 'SVK', 'Slovakia (Slovak Republic)');
INSERT INTO MOVIEDB.TBL_COUNTRY(ID, ISO3, NAME_EN) VALUES (195, 'SVN', 'Slovenia');
INSERT INTO MOVIEDB.TBL_COUNTRY(ID, ISO3, NAME_EN) VALUES (196, 'SLB', 'Solomon Islands');
INSERT INTO MOVIEDB.TBL_COUNTRY(ID, ISO3, NAME_EN) VALUES (197, 'SOM', 'Somalia');
INSERT INTO MOVIEDB.TBL_COUNTRY(ID, ISO3, NAME_EN) VALUES (198, 'ZAF', 'South Africa (zuid Afrika)');
INSERT INTO MOVIEDB.TBL_COUNTRY(ID, ISO3, NAME_EN) VALUES (199, 'SGS', 'South Georgia and the South Sandwich Islands');
INSERT INTO MOVIEDB.TBL_COUNTRY(ID, ISO3, NAME_EN) VALUES (200, 'ESP', 'Spain (espa¤a)');
INSERT INTO MOVIEDB.TBL_COUNTRY(ID, ISO3, NAME_EN) VALUES (201, 'LKA', 'Sri Lanka');
INSERT INTO MOVIEDB.TBL_COUNTRY(ID, ISO3, NAME_EN) VALUES (202, 'SDN', 'Sudan');
INSERT INTO MOVIEDB.TBL_COUNTRY(ID, ISO3, NAME_EN) VALUES (203, 'SUR', 'Suriname');
INSERT INTO MOVIEDB.TBL_COUNTRY(ID, ISO3, NAME_EN) VALUES (204, 'SJM', 'Svalbard and Jan Mayen');
INSERT INTO MOVIEDB.TBL_COUNTRY(ID, ISO3, NAME_EN) VALUES (205, 'SWZ', 'Swaziland');
INSERT INTO MOVIEDB.TBL_COUNTRY(ID, ISO3, NAME_EN) VALUES (206, 'SWE', 'Sweden');
INSERT INTO MOVIEDB.TBL_COUNTRY(ID, ISO3, NAME_EN) VALUES (207, 'CHE', 'Switzerland (Confederation of Helvetia)');
INSERT INTO MOVIEDB.TBL_COUNTRY(ID, ISO3, NAME_EN) VALUES (208, 'SYR', 'Syrian Arab Republic');
INSERT INTO MOVIEDB.TBL_COUNTRY(ID, ISO3, NAME_EN) VALUES (209, 'TWN', 'Taiwan ("Chinese Taipei" for IOC)');
INSERT INTO MOVIEDB.TBL_COUNTRY(ID, ISO3, NAME_EN) VALUES (210, 'TJK', 'Tajikistan');
INSERT INTO MOVIEDB.TBL_COUNTRY(ID, ISO3, NAME_EN) VALUES (211, 'TZA', 'Tanzania');
INSERT INTO MOVIEDB.TBL_COUNTRY(ID, ISO3, NAME_EN) VALUES (212, 'THA', 'Thailand');
INSERT INTO MOVIEDB.TBL_COUNTRY(ID, ISO3, NAME_EN) VALUES (213, 'TLS', 'Timor-Leste (formerly East Timor)');
INSERT INTO MOVIEDB.TBL_COUNTRY(ID, ISO3, NAME_EN) VALUES (214, 'TGO', 'Togo');
INSERT INTO MOVIEDB.TBL_COUNTRY(ID, ISO3, NAME_EN) VALUES (215, 'TKL', 'Tokelau');
INSERT INTO MOVIEDB.TBL_COUNTRY(ID, ISO3, NAME_EN) VALUES (216, 'TON', 'Tonga');
INSERT INTO MOVIEDB.TBL_COUNTRY(ID, ISO3, NAME_EN) VALUES (217, 'TTO', 'Trinidad and Tobago');
INSERT INTO MOVIEDB.TBL_COUNTRY(ID, ISO3, NAME_EN) VALUES (218, 'TUN', 'Tunisia');
INSERT INTO MOVIEDB.TBL_COUNTRY(ID, ISO3, NAME_EN) VALUES (219, 'TUR', 'Turkey');
INSERT INTO MOVIEDB.TBL_COUNTRY(ID, ISO3, NAME_EN) VALUES (220, 'TKM', 'Turkmenistan');
INSERT INTO MOVIEDB.TBL_COUNTRY(ID, ISO3, NAME_EN) VALUES (221, 'TCA', 'Turks and Caicos Islands');
INSERT INTO MOVIEDB.TBL_COUNTRY(ID, ISO3, NAME_EN) VALUES (222, 'TUV', 'Tuvalu');
INSERT INTO MOVIEDB.TBL_COUNTRY(ID, ISO3, NAME_EN) VALUES (223, 'UGA', 'Uganda');
INSERT INTO MOVIEDB.TBL_COUNTRY(ID, ISO3, NAME_EN) VALUES (224, 'UKR', 'Ukraine');
INSERT INTO MOVIEDB.TBL_COUNTRY(ID, ISO3, NAME_EN) VALUES (225, 'ARE', 'United Arab Emirates');
INSERT INTO MOVIEDB.TBL_COUNTRY(ID, ISO3, NAME_EN) VALUES (226, 'GBR', 'United Kingdom (Great Britain)');
INSERT INTO MOVIEDB.TBL_COUNTRY(ID, ISO3, NAME_EN) VALUES (227, 'USA', 'United States');
INSERT INTO MOVIEDB.TBL_COUNTRY(ID, ISO3, NAME_EN) VALUES (228, 'UMI', 'United States Minor Outlying Islands');
INSERT INTO MOVIEDB.TBL_COUNTRY(ID, ISO3, NAME_EN) VALUES (229, 'URY', 'Uruguay');
INSERT INTO MOVIEDB.TBL_COUNTRY(ID, ISO3, NAME_EN) VALUES (230, 'UZB', 'Uzbekistan');
INSERT INTO MOVIEDB.TBL_COUNTRY(ID, ISO3, NAME_EN) VALUES (231, 'VUT', 'Vanuatu');
INSERT INTO MOVIEDB.TBL_COUNTRY(ID, ISO3, NAME_EN) VALUES (232, 'VAT', 'Vatican City (Holy See)');
INSERT INTO MOVIEDB.TBL_COUNTRY(ID, ISO3, NAME_EN) VALUES (233, 'VEN', 'Venezuela');
INSERT INTO MOVIEDB.TBL_COUNTRY(ID, ISO3, NAME_EN) VALUES (234, 'VNM', 'Viet Nam');
INSERT INTO MOVIEDB.TBL_COUNTRY(ID, ISO3, NAME_EN) VALUES (235, 'VGB', 'Virgin Islands, British');
INSERT INTO MOVIEDB.TBL_COUNTRY(ID, ISO3, NAME_EN) VALUES (236, 'VIR', 'Virgin Islands, U.S.');
INSERT INTO MOVIEDB.TBL_COUNTRY(ID, ISO3, NAME_EN) VALUES (237, 'WLF', 'Wallis and Futuna');
INSERT INTO MOVIEDB.TBL_COUNTRY(ID, ISO3, NAME_EN) VALUES (238, 'ESH', 'Western Sahara (formerly Spanish Sahara)');
INSERT INTO MOVIEDB.TBL_COUNTRY(ID, ISO3, NAME_EN) VALUES (239, 'YEM', 'Yemen (Arab Republic)');
INSERT INTO MOVIEDB.TBL_COUNTRY(ID, ISO3, NAME_EN) VALUES (240, 'ZMB', 'Zambia');
INSERT INTO MOVIEDB.TBL_COUNTRY(ID, ISO3, NAME_EN) VALUES (241, 'ZWE', 'Zimbabwe');
INSERT INTO MOVIEDB.TBL_DIRECTOR(ID, FNAME, MNAME, LNAME, DATEOFBIRTH, DATEOFDEATH, BIRTHCOUNTRY) VALUES (1, 'Francis', 'Ford', 'Coppola', '1939-04-07 00:00:00.0', null, 227);
INSERT INTO MOVIEDB.TBL_DIRECTOR(ID, FNAME, MNAME, LNAME, DATEOFBIRTH, DATEOFDEATH, BIRTHCOUNTRY) VALUES (2, 'Bernardo', null, 'Bertolucci', '1940-03-16 00:00:00.0', null, 106);
INSERT INTO MOVIEDB.TBL_DIRECTOR(ID, FNAME, MNAME, LNAME, DATEOFBIRTH, DATEOFDEATH, BIRTHCOUNTRY) VALUES (3, 'Milos', null, 'Forman', '1932-02-08 00:00:00.0', null, 58);
INSERT INTO MOVIEDB.TBL_DIRECTOR(ID, FNAME, MNAME, LNAME, DATEOFBIRTH, DATEOFDEATH, BIRTHCOUNTRY) VALUES (4, 'Roman', null, 'Polanski', '1933-08-18 00:00:00.0', null, 74);
INSERT INTO MOVIEDB.TBL_DIRECTOR(ID, FNAME, MNAME, LNAME, DATEOFBIRTH, DATEOFDEATH, BIRTHCOUNTRY) VALUES (5, 'Stanley', null, 'Kubrick', '1928-07-26 00:00:00.0', '1999-03-07 00:00:00.0', 227);
INSERT INTO MOVIEDB.TBL_DIRECTOR(ID, FNAME, MNAME, LNAME, DATEOFBIRTH, DATEOFDEATH, BIRTHCOUNTRY) VALUES (6, 'George', null, 'Lucas', '1944-05-14 00:00:00.0', null, 227);
INSERT INTO MOVIEDB.TBL_DIRECTOR(ID, FNAME, MNAME, LNAME, DATEOFBIRTH, DATEOFDEATH, BIRTHCOUNTRY) VALUES (7, 'Stephen', 'Allan', 'Spielberg', '1946-12-18 00:00:00.0', null, 227);
INSERT INTO MOVIEDB.TBL_DIRECTOR(ID, FNAME, MNAME, LNAME, DATEOFBIRTH, DATEOFDEATH, BIRTHCOUNTRY) VALUES (8, 'Martin', 'Charles', 'Scorcese', '1942-11-17 00:00:00.0', null, 227);
INSERT INTO MOVIEDB.TBL_DIRECTOR(ID, FNAME, MNAME, LNAME, DATEOFBIRTH, DATEOFDEATH, BIRTHCOUNTRY) VALUES (9, 'Michael', null, 'Cimino', '1939-02-03 00:00:00.0', null, 227);
INSERT INTO MOVIEDB.TBL_DIRECTOR(ID, FNAME, MNAME, LNAME, DATEOFBIRTH, DATEOFDEATH, BIRTHCOUNTRY) VALUES (10, 'Francois', 'Roland', 'Truffaut', '1932-02-06 00:00:00.0', '1984-10-21 00:00:00.0', 74);
INSERT INTO MOVIEDB.TBL_DIRECTOR(ID, FNAME, MNAME, LNAME, DATEOFBIRTH, DATEOFDEATH, BIRTHCOUNTRY) VALUES (11, 'Ingmar', null, 'Bergman', '1918-07-14 00:00:00.0', '2007-07-30 00:00:00.0', 206);
INSERT INTO MOVIEDB.TBL_DIRECTOR(ID, FNAME, MNAME, LNAME, DATEOFBIRTH, DATEOFDEATH, BIRTHCOUNTRY) VALUES (12, 'Franco', null, 'Brusati', '1922-08-04 00:00:00.0', '1993-02-28 00:00:00.0', 106);
INSERT INTO MOVIEDB.TBL_DIRECTOR(ID, FNAME, MNAME, LNAME, DATEOFBIRTH, DATEOFDEATH, BIRTHCOUNTRY) VALUES (13, 'Vittorio', null, 'De Sica', '1901-07-07 00:00:00.0', '1974-11-13 00:00:00.0', 106);
INSERT INTO MOVIEDB.TBL_DIRECTOR(ID, FNAME, MNAME, LNAME, DATEOFBIRTH, DATEOFDEATH, BIRTHCOUNTRY) VALUES (14, 'Luis', null, 'Buenuel', '1900-02-22 00:00:00.0', '1983-07-29 00:00:00.0', 200);
INSERT INTO MOVIEDB.TBL_DIRECTOR(ID, FNAME, MNAME, LNAME, DATEOFBIRTH, DATEOFDEATH, BIRTHCOUNTRY) VALUES (15, 'Paul', null, 'Verhoeven', '1938-07-18 00:00:00.0', null, 151);
INSERT INTO MOVIEDB.TBL_DIRECTOR(ID, FNAME, MNAME, LNAME, DATEOFBIRTH, DATEOFDEATH, BIRTHCOUNTRY) VALUES (16, 'Andrei', null, 'Tarkovsky', '1932-04-04 00:00:00.0', '1986-12-29 00:00:00.0', 178);
INSERT INTO MOVIEDB.TBL_DIRECTOR(ID, FNAME, MNAME, LNAME, DATEOFBIRTH, DATEOFDEATH, BIRTHCOUNTRY) VALUES (17, 'Akira', null, 'Kurosawa', '1910-03-23 00:00:00.0', '1998-09-06 00:00:00.0', 108);
INSERT INTO MOVIEDB.TBL_DIRECTOR(ID, FNAME, MNAME, LNAME, DATEOFBIRTH, DATEOFDEATH, BIRTHCOUNTRY) VALUES (18, 'Robert', null, 'Clouse', '1928-03-06 00:00:00.0', '1997-02-04 00:00:00.0', 227);
INSERT INTO MOVIEDB.TBL_DIRECTOR(ID, FNAME, MNAME, LNAME, DATEOFBIRTH, DATEOFDEATH, BIRTHCOUNTRY) VALUES (20, 'Louis', null, 'Feuillade', '1873-02-19 00:00:00.0', '1925-02-25 00:00:00.0', 74);
INSERT INTO MOVIEDB.TBL_DIRECTOR(ID, FNAME, MNAME, LNAME, DATEOFBIRTH, DATEOFDEATH, BIRTHCOUNTRY) VALUES (21, 'Lars', null, 'von Trier', '1956-04-30 00:00:00.0', null, 59);
INSERT INTO MOVIEDB.TBL_DIRECTOR(ID, FNAME, MNAME, LNAME, DATEOFBIRTH, DATEOFDEATH, BIRTHCOUNTRY) VALUES (22, 'David', null, 'Chase', '1945-08-22 00:00:00.0', null, 227);
INSERT INTO MOVIEDB.TBL_DIRECTOR(ID, FNAME, MNAME, LNAME, DATEOFBIRTH, DATEOFDEATH, BIRTHCOUNTRY) VALUES (23, 'Daniel', null, 'Attias', '1951-12-04 00:00:00.0', null, 227);
INSERT INTO MOVIEDB.TBL_DIRECTOR(ID, FNAME, MNAME, LNAME, DATEOFBIRTH, DATEOFDEATH, BIRTHCOUNTRY) VALUES (24, 'Nick', null, 'Gomez', '1963-04-13 00:00:00.0', null, 227);
INSERT INTO MOVIEDB.TBL_DIRECTOR(ID, FNAME, MNAME, LNAME, DATEOFBIRTH, DATEOFDEATH, BIRTHCOUNTRY) VALUES (25, 'Stuart', null, 'Carolan', '1969-08-22 00:00:00.0', null, 104);
INSERT INTO MOVIEDB.TBL_DIRECTOREPISODE(DIRECTOR_ID, EPISODE_ID) VALUES (20, 1);
INSERT INTO MOVIEDB.TBL_DIRECTOREPISODE(DIRECTOR_ID, EPISODE_ID) VALUES (20, 2);
INSERT INTO MOVIEDB.TBL_DIRECTOREPISODE(DIRECTOR_ID, EPISODE_ID) VALUES (20, 3);
INSERT INTO MOVIEDB.TBL_DIRECTOREPISODE(DIRECTOR_ID, EPISODE_ID) VALUES (20, 4);
INSERT INTO MOVIEDB.TBL_DIRECTOREPISODE(DIRECTOR_ID, EPISODE_ID) VALUES (20, 5);
INSERT INTO MOVIEDB.TBL_DIRECTOREPISODE(DIRECTOR_ID, EPISODE_ID) VALUES (20, 6);
INSERT INTO MOVIEDB.TBL_DIRECTOREPISODE(DIRECTOR_ID, EPISODE_ID) VALUES (20, 7);
INSERT INTO MOVIEDB.TBL_DIRECTOREPISODE(DIRECTOR_ID, EPISODE_ID) VALUES (20, 8);
INSERT INTO MOVIEDB.TBL_DIRECTOREPISODE(DIRECTOR_ID, EPISODE_ID) VALUES (20, 9);
INSERT INTO MOVIEDB.TBL_DIRECTOREPISODE(DIRECTOR_ID, EPISODE_ID) VALUES (20, 10);
INSERT INTO MOVIEDB.TBL_DIRECTOREPISODE(DIRECTOR_ID, EPISODE_ID) VALUES (21, 11);
INSERT INTO MOVIEDB.TBL_DIRECTOREPISODE(DIRECTOR_ID, EPISODE_ID) VALUES (21, 12);
INSERT INTO MOVIEDB.TBL_DIRECTOREPISODE(DIRECTOR_ID, EPISODE_ID) VALUES (21, 13);
INSERT INTO MOVIEDB.TBL_DIRECTOREPISODE(DIRECTOR_ID, EPISODE_ID) VALUES (21, 14);
INSERT INTO MOVIEDB.TBL_DIRECTOREPISODE(DIRECTOR_ID, EPISODE_ID) VALUES (21, 15);
INSERT INTO MOVIEDB.TBL_DIRECTOREPISODE(DIRECTOR_ID, EPISODE_ID) VALUES (21, 16);
INSERT INTO MOVIEDB.TBL_DIRECTOREPISODE(DIRECTOR_ID, EPISODE_ID) VALUES (21, 17);
INSERT INTO MOVIEDB.TBL_DIRECTOREPISODE(DIRECTOR_ID, EPISODE_ID) VALUES (21, 18);
INSERT INTO MOVIEDB.TBL_DIRECTOREPISODE(DIRECTOR_ID, EPISODE_ID) VALUES (22, 19);
INSERT INTO MOVIEDB.TBL_DIRECTOREPISODE(DIRECTOR_ID, EPISODE_ID) VALUES (22, 22);
INSERT INTO MOVIEDB.TBL_DIRECTOREPISODE(DIRECTOR_ID, EPISODE_ID) VALUES (22, 25);
INSERT INTO MOVIEDB.TBL_DIRECTOREPISODE(DIRECTOR_ID, EPISODE_ID) VALUES (22, 28);
INSERT INTO MOVIEDB.TBL_DIRECTOREPISODE(DIRECTOR_ID, EPISODE_ID) VALUES (22, 31);
INSERT INTO MOVIEDB.TBL_DIRECTOREPISODE(DIRECTOR_ID, EPISODE_ID) VALUES (23, 20);
INSERT INTO MOVIEDB.TBL_DIRECTOREPISODE(DIRECTOR_ID, EPISODE_ID) VALUES (23, 23);
INSERT INTO MOVIEDB.TBL_DIRECTOREPISODE(DIRECTOR_ID, EPISODE_ID) VALUES (23, 26);
INSERT INTO MOVIEDB.TBL_DIRECTOREPISODE(DIRECTOR_ID, EPISODE_ID) VALUES (23, 29);
INSERT INTO MOVIEDB.TBL_DIRECTOREPISODE(DIRECTOR_ID, EPISODE_ID) VALUES (24, 21);
INSERT INTO MOVIEDB.TBL_DIRECTOREPISODE(DIRECTOR_ID, EPISODE_ID) VALUES (24, 24);
INSERT INTO MOVIEDB.TBL_DIRECTOREPISODE(DIRECTOR_ID, EPISODE_ID) VALUES (24, 27);
INSERT INTO MOVIEDB.TBL_DIRECTOREPISODE(DIRECTOR_ID, EPISODE_ID) VALUES (24, 30);
INSERT INTO MOVIEDB.TBL_DIRECTOREPISODE(DIRECTOR_ID, EPISODE_ID) VALUES (25, 32);
INSERT INTO MOVIEDB.TBL_DIRECTOREPISODE(DIRECTOR_ID, EPISODE_ID) VALUES (25, 33);
INSERT INTO MOVIEDB.TBL_DIRECTOREPISODE(DIRECTOR_ID, EPISODE_ID) VALUES (25, 34);
INSERT INTO MOVIEDB.TBL_DIRECTOREPISODE(DIRECTOR_ID, EPISODE_ID) VALUES (25, 35);
INSERT INTO MOVIEDB.TBL_DIRECTORMOVIE(DIRECTOR_ID, MOVIE_ID) VALUES (1, 1);
INSERT INTO MOVIEDB.TBL_DIRECTORMOVIE(DIRECTOR_ID, MOVIE_ID) VALUES (2, 2);
INSERT INTO MOVIEDB.TBL_DIRECTORMOVIE(DIRECTOR_ID, MOVIE_ID) VALUES (1, 3);
INSERT INTO MOVIEDB.TBL_DIRECTORMOVIE(DIRECTOR_ID, MOVIE_ID) VALUES (3, 4);
INSERT INTO MOVIEDB.TBL_DIRECTORMOVIE(DIRECTOR_ID, MOVIE_ID) VALUES (1, 5);
INSERT INTO MOVIEDB.TBL_DIRECTORMOVIE(DIRECTOR_ID, MOVIE_ID) VALUES (5, 6);
INSERT INTO MOVIEDB.TBL_DIRECTORMOVIE(DIRECTOR_ID, MOVIE_ID) VALUES (6, 7);
INSERT INTO MOVIEDB.TBL_DIRECTORMOVIE(DIRECTOR_ID, MOVIE_ID) VALUES (7, 8);
INSERT INTO MOVIEDB.TBL_DIRECTORMOVIE(DIRECTOR_ID, MOVIE_ID) VALUES (8, 9);
INSERT INTO MOVIEDB.TBL_DIRECTORMOVIE(DIRECTOR_ID, MOVIE_ID) VALUES (9, 10);
INSERT INTO MOVIEDB.TBL_DIRECTORMOVIE(DIRECTOR_ID, MOVIE_ID) VALUES (4, 11);
INSERT INTO MOVIEDB.TBL_DIRECTORMOVIE(DIRECTOR_ID, MOVIE_ID) VALUES (10, 12);
INSERT INTO MOVIEDB.TBL_DIRECTORMOVIE(DIRECTOR_ID, MOVIE_ID) VALUES (11, 13);
INSERT INTO MOVIEDB.TBL_DIRECTORMOVIE(DIRECTOR_ID, MOVIE_ID) VALUES (12, 14);
INSERT INTO MOVIEDB.TBL_DIRECTORMOVIE(DIRECTOR_ID, MOVIE_ID) VALUES (13, 15);
INSERT INTO MOVIEDB.TBL_DIRECTORMOVIE(DIRECTOR_ID, MOVIE_ID) VALUES (14, 16);
INSERT INTO MOVIEDB.TBL_DIRECTORMOVIE(DIRECTOR_ID, MOVIE_ID) VALUES (15, 17);
INSERT INTO MOVIEDB.TBL_DIRECTORMOVIE(DIRECTOR_ID, MOVIE_ID) VALUES (16, 18);
INSERT INTO MOVIEDB.TBL_DIRECTORMOVIE(DIRECTOR_ID, MOVIE_ID) VALUES (17, 19);
INSERT INTO MOVIEDB.TBL_DIRECTORMOVIE(DIRECTOR_ID, MOVIE_ID) VALUES (18, 20);
INSERT INTO MOVIEDB.TBL_EPISODE(ID, EPISODE_TITLE, SEASON, EPISODE_NO) VALUES (1, 'The Severed Head', 1, 1);
INSERT INTO MOVIEDB.TBL_EPISODE(ID, EPISODE_TITLE, SEASON, EPISODE_NO) VALUES (2, 'The Ring That Kills', 1, 2);
INSERT INTO MOVIEDB.TBL_EPISODE(ID, EPISODE_TITLE, SEASON, EPISODE_NO) VALUES (3, 'The Red Codebook', 1, 3);
INSERT INTO MOVIEDB.TBL_EPISODE(ID, EPISODE_TITLE, SEASON, EPISODE_NO) VALUES (4, 'The Spectre', 1, 4);
INSERT INTO MOVIEDB.TBL_EPISODE(ID, EPISODE_TITLE, SEASON, EPISODE_NO) VALUES (5, 'Dead Mans Escape', 1, 5);
INSERT INTO MOVIEDB.TBL_EPISODE(ID, EPISODE_TITLE, SEASON, EPISODE_NO) VALUES (6, 'Hypnotic Eyes', 1, 6);
INSERT INTO MOVIEDB.TBL_EPISODE(ID, EPISODE_TITLE, SEASON, EPISODE_NO) VALUES (7, 'Satanas', 1, 7);
INSERT INTO MOVIEDB.TBL_EPISODE(ID, EPISODE_TITLE, SEASON, EPISODE_NO) VALUES (8, 'The Thunder Master', 1, 8);
INSERT INTO MOVIEDB.TBL_EPISODE(ID, EPISODE_TITLE, SEASON, EPISODE_NO) VALUES (9, 'The Poisoner', 1, 9);
INSERT INTO MOVIEDB.TBL_EPISODE(ID, EPISODE_TITLE, SEASON, EPISODE_NO) VALUES (10, 'The Terrible Wedding', 1, 10);
INSERT INTO MOVIEDB.TBL_EPISODE(ID, EPISODE_TITLE, SEASON, EPISODE_NO) VALUES (11, 'The Unheavenly Host', 1, 1);
INSERT INTO MOVIEDB.TBL_EPISODE(ID, EPISODE_TITLE, SEASON, EPISODE_NO) VALUES (12, 'Thy Kingdom Come', 1, 2);
INSERT INTO MOVIEDB.TBL_EPISODE(ID, EPISODE_TITLE, SEASON, EPISODE_NO) VALUES (13, 'A Foreign Body', 1, 3);
INSERT INTO MOVIEDB.TBL_EPISODE(ID, EPISODE_TITLE, SEASON, EPISODE_NO) VALUES (14, 'The Living Dead', 1, 4);
INSERT INTO MOVIEDB.TBL_EPISODE(ID, EPISODE_TITLE, SEASON, EPISODE_NO) VALUES (15, 'Death On The Operation', 2, 1);
INSERT INTO MOVIEDB.TBL_EPISODE(ID, EPISODE_TITLE, SEASON, EPISODE_NO) VALUES (16, 'Birds of Passage', 2, 2);
INSERT INTO MOVIEDB.TBL_EPISODE(ID, EPISODE_TITLE, SEASON, EPISODE_NO) VALUES (17, 'Gargantua', 2, 3);
INSERT INTO MOVIEDB.TBL_EPISODE(ID, EPISODE_TITLE, SEASON, EPISODE_NO) VALUES (18, 'Pandaemonium', 2, 4);
INSERT INTO MOVIEDB.TBL_EPISODE(ID, EPISODE_TITLE, SEASON, EPISODE_NO) VALUES (19, 'The Sopranos', 1, 1);
INSERT INTO MOVIEDB.TBL_EPISODE(ID, EPISODE_TITLE, SEASON, EPISODE_NO) VALUES (20, '46 Long', 1, 2);
INSERT INTO MOVIEDB.TBL_EPISODE(ID, EPISODE_TITLE, SEASON, EPISODE_NO) VALUES (21, 'Denial - Anger - Acceptance', 1, 3);
INSERT INTO MOVIEDB.TBL_EPISODE(ID, EPISODE_TITLE, SEASON, EPISODE_NO) VALUES (22, 'Meadowlands', 1, 4);
INSERT INTO MOVIEDB.TBL_EPISODE(ID, EPISODE_TITLE, SEASON, EPISODE_NO) VALUES (23, 'College', 1, 5);
INSERT INTO MOVIEDB.TBL_EPISODE(ID, EPISODE_TITLE, SEASON, EPISODE_NO) VALUES (24, 'Pax Soprana', 1, 6);
INSERT INTO MOVIEDB.TBL_EPISODE(ID, EPISODE_TITLE, SEASON, EPISODE_NO) VALUES (25, 'Down Neck', 1, 7);
INSERT INTO MOVIEDB.TBL_EPISODE(ID, EPISODE_TITLE, SEASON, EPISODE_NO) VALUES (26, 'The Legend of Tennessee Moltisanti', 1, 8);
INSERT INTO MOVIEDB.TBL_EPISODE(ID, EPISODE_TITLE, SEASON, EPISODE_NO) VALUES (27, 'Boca', 1, 9);
INSERT INTO MOVIEDB.TBL_EPISODE(ID, EPISODE_TITLE, SEASON, EPISODE_NO) VALUES (28, 'A Hit Is a Hit', 1, 10);
INSERT INTO MOVIEDB.TBL_EPISODE(ID, EPISODE_TITLE, SEASON, EPISODE_NO) VALUES (29, 'Nobody Knows Anything', 1, 11);
INSERT INTO MOVIEDB.TBL_EPISODE(ID, EPISODE_TITLE, SEASON, EPISODE_NO) VALUES (30, 'Isabella', 1, 12);
INSERT INTO MOVIEDB.TBL_EPISODE(ID, EPISODE_TITLE, SEASON, EPISODE_NO) VALUES (31, 'I Dream of Jeannie Cusamano', 1, 13);
INSERT INTO MOVIEDB.TBL_EPISODE(ID, EPISODE_TITLE, SEASON, EPISODE_NO) VALUES (32, 'Episode 1', 1, 1);
INSERT INTO MOVIEDB.TBL_EPISODE(ID, EPISODE_TITLE, SEASON, EPISODE_NO) VALUES (33, 'Episode 2', 1, 2);
INSERT INTO MOVIEDB.TBL_EPISODE(ID, EPISODE_TITLE, SEASON, EPISODE_NO) VALUES (34, 'Episode 3', 1, 3);
INSERT INTO MOVIEDB.TBL_EPISODE(ID, EPISODE_TITLE, SEASON, EPISODE_NO) VALUES (35, 'Episode 4', 1, 4);
INSERT INTO MOVIEDB.TBL_EPISODESERIES(SERIES_ID, EPISODE_ID) VALUES (1, 1);
INSERT INTO MOVIEDB.TBL_EPISODESERIES(SERIES_ID, EPISODE_ID) VALUES (1, 2);
INSERT INTO MOVIEDB.TBL_EPISODESERIES(SERIES_ID, EPISODE_ID) VALUES (1, 3);
INSERT INTO MOVIEDB.TBL_EPISODESERIES(SERIES_ID, EPISODE_ID) VALUES (1, 4);
INSERT INTO MOVIEDB.TBL_EPISODESERIES(SERIES_ID, EPISODE_ID) VALUES (1, 5);
INSERT INTO MOVIEDB.TBL_EPISODESERIES(SERIES_ID, EPISODE_ID) VALUES (1, 6);
INSERT INTO MOVIEDB.TBL_EPISODESERIES(SERIES_ID, EPISODE_ID) VALUES (1, 7);
INSERT INTO MOVIEDB.TBL_EPISODESERIES(SERIES_ID, EPISODE_ID) VALUES (1, 8);
INSERT INTO MOVIEDB.TBL_EPISODESERIES(SERIES_ID, EPISODE_ID) VALUES (1, 9);
INSERT INTO MOVIEDB.TBL_EPISODESERIES(SERIES_ID, EPISODE_ID) VALUES (1, 10);
INSERT INTO MOVIEDB.TBL_EPISODESERIES(SERIES_ID, EPISODE_ID) VALUES (2, 11);
INSERT INTO MOVIEDB.TBL_EPISODESERIES(SERIES_ID, EPISODE_ID) VALUES (2, 12);
INSERT INTO MOVIEDB.TBL_EPISODESERIES(SERIES_ID, EPISODE_ID) VALUES (2, 13);
INSERT INTO MOVIEDB.TBL_EPISODESERIES(SERIES_ID, EPISODE_ID) VALUES (2, 14);
INSERT INTO MOVIEDB.TBL_EPISODESERIES(SERIES_ID, EPISODE_ID) VALUES (2, 15);
INSERT INTO MOVIEDB.TBL_EPISODESERIES(SERIES_ID, EPISODE_ID) VALUES (2, 16);
INSERT INTO MOVIEDB.TBL_EPISODESERIES(SERIES_ID, EPISODE_ID) VALUES (2, 17);
INSERT INTO MOVIEDB.TBL_EPISODESERIES(SERIES_ID, EPISODE_ID) VALUES (2, 18);
INSERT INTO MOVIEDB.TBL_EPISODESERIES(SERIES_ID, EPISODE_ID) VALUES (3, 19);
INSERT INTO MOVIEDB.TBL_EPISODESERIES(SERIES_ID, EPISODE_ID) VALUES (3, 20);
INSERT INTO MOVIEDB.TBL_EPISODESERIES(SERIES_ID, EPISODE_ID) VALUES (3, 21);
INSERT INTO MOVIEDB.TBL_EPISODESERIES(SERIES_ID, EPISODE_ID) VALUES (3, 22);
INSERT INTO MOVIEDB.TBL_EPISODESERIES(SERIES_ID, EPISODE_ID) VALUES (3, 23);
INSERT INTO MOVIEDB.TBL_EPISODESERIES(SERIES_ID, EPISODE_ID) VALUES (3, 24);
INSERT INTO MOVIEDB.TBL_EPISODESERIES(SERIES_ID, EPISODE_ID) VALUES (3, 25);
INSERT INTO MOVIEDB.TBL_EPISODESERIES(SERIES_ID, EPISODE_ID) VALUES (3, 26);
INSERT INTO MOVIEDB.TBL_EPISODESERIES(SERIES_ID, EPISODE_ID) VALUES (3, 27);
INSERT INTO MOVIEDB.TBL_EPISODESERIES(SERIES_ID, EPISODE_ID) VALUES (3, 28);
INSERT INTO MOVIEDB.TBL_EPISODESERIES(SERIES_ID, EPISODE_ID) VALUES (3, 29);
INSERT INTO MOVIEDB.TBL_EPISODESERIES(SERIES_ID, EPISODE_ID) VALUES (3, 30);
INSERT INTO MOVIEDB.TBL_EPISODESERIES(SERIES_ID, EPISODE_ID) VALUES (3, 31);
INSERT INTO MOVIEDB.TBL_EPISODESERIES(SERIES_ID, EPISODE_ID) VALUES (4, 32);
INSERT INTO MOVIEDB.TBL_EPISODESERIES(SERIES_ID, EPISODE_ID) VALUES (4, 33);
INSERT INTO MOVIEDB.TBL_EPISODESERIES(SERIES_ID, EPISODE_ID) VALUES (4, 34);
INSERT INTO MOVIEDB.TBL_EPISODESERIES(SERIES_ID, EPISODE_ID) VALUES (4, 35);
INSERT INTO MOVIEDB.TBL_GENRE(GENRE_ID, GENRE_TITLE) VALUES (8, 'Adventure');
INSERT INTO MOVIEDB.TBL_GENRE(GENRE_ID, GENRE_TITLE) VALUES (15, 'Animation');
INSERT INTO MOVIEDB.TBL_GENRE(GENRE_ID, GENRE_TITLE) VALUES (21, 'Biography');
INSERT INTO MOVIEDB.TBL_GENRE(GENRE_ID, GENRE_TITLE) VALUES (2, 'Comedy');
INSERT INTO MOVIEDB.TBL_GENRE(GENRE_ID, GENRE_TITLE) VALUES (9, 'Crime');
INSERT INTO MOVIEDB.TBL_GENRE(GENRE_ID, GENRE_TITLE) VALUES (16, 'Documentary');
INSERT INTO MOVIEDB.TBL_GENRE(GENRE_ID, GENRE_TITLE) VALUES (22, 'Drama');
INSERT INTO MOVIEDB.TBL_GENRE(GENRE_ID, GENRE_TITLE) VALUES (3, 'Family');
INSERT INTO MOVIEDB.TBL_GENRE(GENRE_ID, GENRE_TITLE) VALUES (10, 'Fantasy');
INSERT INTO MOVIEDB.TBL_GENRE(GENRE_ID, GENRE_TITLE) VALUES (17, 'Film-Noir');
INSERT INTO MOVIEDB.TBL_GENRE(GENRE_ID, GENRE_TITLE) VALUES (23, 'Game-Show');
INSERT INTO MOVIEDB.TBL_GENRE(GENRE_ID, GENRE_TITLE) VALUES (4, 'History');
INSERT INTO MOVIEDB.TBL_GENRE(GENRE_ID, GENRE_TITLE) VALUES (11, 'Horror');
INSERT INTO MOVIEDB.TBL_GENRE(GENRE_ID, GENRE_TITLE) VALUES (18, 'Music');
INSERT INTO MOVIEDB.TBL_GENRE(GENRE_ID, GENRE_TITLE) VALUES (24, 'Musical');
INSERT INTO MOVIEDB.TBL_GENRE(GENRE_ID, GENRE_TITLE) VALUES (5, 'Mystery');
INSERT INTO MOVIEDB.TBL_GENRE(GENRE_ID, GENRE_TITLE) VALUES (12, 'News');
INSERT INTO MOVIEDB.TBL_GENRE(GENRE_ID, GENRE_TITLE) VALUES (19, 'Reality-TV');
INSERT INTO MOVIEDB.TBL_GENRE(GENRE_ID, GENRE_TITLE) VALUES (25, 'Romance');
INSERT INTO MOVIEDB.TBL_GENRE(GENRE_ID, GENRE_TITLE) VALUES (6, 'Sci-Fi');
INSERT INTO MOVIEDB.TBL_GENRE(GENRE_ID, GENRE_TITLE) VALUES (13, 'Sport');
INSERT INTO MOVIEDB.TBL_GENRE(GENRE_ID, GENRE_TITLE) VALUES (20, 'Talk-Show');
INSERT INTO MOVIEDB.TBL_GENRE(GENRE_ID, GENRE_TITLE) VALUES (26, 'Thriller');
INSERT INTO MOVIEDB.TBL_GENRE(GENRE_ID, GENRE_TITLE) VALUES (7, 'War');
INSERT INTO MOVIEDB.TBL_GENRE(GENRE_ID, GENRE_TITLE) VALUES (14, 'Western');
INSERT INTO MOVIEDB.TBL_LANGUAGE(ID, ISO3, LANGUAGE_EN) VALUES (1, 'eng', 'English');
INSERT INTO MOVIEDB.TBL_LANGUAGE(ID, ISO3, LANGUAGE_EN) VALUES (2, 'fre', 'French');
INSERT INTO MOVIEDB.TBL_LANGUAGE(ID, ISO3, LANGUAGE_EN) VALUES (3, 'ger', 'German');
INSERT INTO MOVIEDB.TBL_LANGUAGE(ID, ISO3, LANGUAGE_EN) VALUES (4, 'rus', 'Russian');
INSERT INTO MOVIEDB.TBL_LANGUAGE(ID, ISO3, LANGUAGE_EN) VALUES (5, 'chi', 'Chinese');
INSERT INTO MOVIEDB.TBL_LANGUAGE(ID, ISO3, LANGUAGE_EN) VALUES (6, 'esp', 'Spanish');
INSERT INTO MOVIEDB.TBL_LANGUAGE(ID, ISO3, LANGUAGE_EN) VALUES (7, 'ita', 'Italian');
INSERT INTO MOVIEDB.TBL_LANGUAGE(ID, ISO3, LANGUAGE_EN) VALUES (8, 'jpn', 'Japanese');
INSERT INTO MOVIEDB.TBL_LANGUAGE(ID, ISO3, LANGUAGE_EN) VALUES (9, 'swe', 'Swedish');
INSERT INTO MOVIEDB.TBL_LANGUAGE(ID, ISO3, LANGUAGE_EN) VALUES (10, 'por', 'Portuguese');
INSERT INTO MOVIEDB.TBL_LANGUAGE(ID, ISO3, LANGUAGE_EN) VALUES (11, 'vie', 'Vietnamese');
INSERT INTO MOVIEDB.TBL_LANGUAGE(ID, ISO3, LANGUAGE_EN) VALUES (12, 'khm', 'Central Khmer');
INSERT INTO MOVIEDB.TBL_LANGUAGE(ID, ISO3, LANGUAGE_EN) VALUES (13, 'dut', 'Dutch');
INSERT INTO MOVIEDB.TBL_LUCOLOR(ID, COLOR_FORMAT) VALUES (1, 'Black And White');
INSERT INTO MOVIEDB.TBL_LUCOLOR(ID, COLOR_FORMAT) VALUES (2, 'Color/Black And White');
INSERT INTO MOVIEDB.TBL_LUCOLOR(ID, COLOR_FORMAT) VALUES (3, 'Color');
INSERT INTO MOVIEDB.TBL_LUSOUND(ID, SOUND_FORMAT) VALUES (1, 'Silent');
INSERT INTO MOVIEDB.TBL_LUSOUND(ID, SOUND_FORMAT) VALUES (2, 'Spoken');
INSERT INTO MOVIEDB.TBL_MOVIE(ID, TITLE_EN, TITLE_ALT, YEAR, RUNTIME, PLOT, COLOR, SILENT, RATING_RT, RATING_IMDB) VALUES (1, 'The Godfather', null, 1972, 178, 'The aging patriarch of an organized crime dynasty transfers control of his clandestine empire to his reluctant son.', 3, 2, 100, 9.2);
INSERT INTO MOVIEDB.TBL_MOVIE(ID, TITLE_EN, TITLE_ALT, YEAR, RUNTIME, PLOT, COLOR, SILENT, RATING_RT, RATING_IMDB) VALUES (2, 'The Conformist', 'Conformista', 1970, 111, 'A weak-willed Italian man becomes a fascist flunky who goes abroad to arrange the assassination of his old teacher, now a political dissident.', 3, 2, 100, 8);
INSERT INTO MOVIEDB.TBL_MOVIE(ID, TITLE_EN, TITLE_ALT, YEAR, RUNTIME, PLOT, COLOR, SILENT, RATING_RT, RATING_IMDB) VALUES (3, 'The Godfather Part 2', null, 1974, 200, 'The early life and career of Vito Corleone in 1920s New York is portrayed while his son, Michael, expands and tightens his grip on his crime syndicate stretching from Lake Tahoe, Nevada to pre-revolution 1958 Cuba.', 3, 2, 98, 9.1);
INSERT INTO MOVIEDB.TBL_MOVIE(ID, TITLE_EN, TITLE_ALT, YEAR, RUNTIME, PLOT, COLOR, SILENT, RATING_RT, RATING_IMDB) VALUES (4, 'One Flew Over The Cuckoo''s Nest', null, 1975, 133, 'Upon arriving at a mental institution, a brash rebel rallies the patients to take on the oppressive Nurse Ratched, a woman more dictator than nurse.', 3, 2, 96, 8.8);
INSERT INTO MOVIEDB.TBL_MOVIE(ID, TITLE_EN, TITLE_ALT, YEAR, RUNTIME, PLOT, COLOR, SILENT, RATING_RT, RATING_IMDB) VALUES (5, 'Apocalypse Now', null, 1979, 153, 'During the U.S. Vietnam War, Captain Willard is sent on a dangerous mission into Cambodia to assassinate a renegade colonel who has set himself up as a god among a local tribe.', 3, 2, 99, 8.6);
INSERT INTO MOVIEDB.TBL_MOVIE(ID, TITLE_EN, TITLE_ALT, YEAR, RUNTIME, PLOT, COLOR, SILENT, RATING_RT, RATING_IMDB) VALUES (6, 'A Clockwork Orange', null, 1974, 136, 'In future Britain, charismatic delinquent Alex DeLarge is jailed and volunteers for an experimental aversion therapy developed by the government in an effort to solve society''s crime problem... but not all goes to plan.', 3, 2, 89, 8.5);
INSERT INTO MOVIEDB.TBL_MOVIE(ID, TITLE_EN, TITLE_ALT, YEAR, RUNTIME, PLOT, COLOR, SILENT, RATING_RT, RATING_IMDB) VALUES (7, 'Star Wars - Episode IV - A New Hope', null, 1977, 125, 'Luke Skywalker, a spirited farm boy, joins rebel forces to save Princess Leia from the evil Darth Vader, and the galaxy from the Empire''s planet-destroying Death Star.', 3, 2, 93, 8.8);
INSERT INTO MOVIEDB.TBL_MOVIE(ID, TITLE_EN, TITLE_ALT, YEAR, RUNTIME, PLOT, COLOR, SILENT, RATING_RT, RATING_IMDB) VALUES (8, 'Jaws', null, 1975, 124, 'When a gigantic great white shark begins to menace the small island community of Amity, a police chief, a marine scientist and grizzled fisherman set out to stop it.', 3, 2, 100, 8.2);
INSERT INTO MOVIEDB.TBL_MOVIE(ID, TITLE_EN, TITLE_ALT, YEAR, RUNTIME, PLOT, COLOR, SILENT, RATING_RT, RATING_IMDB) VALUES (9, 'Taxi Driver', null, 1976, 113, 'A mentally unstable Vietnam war veteran works as a night-time taxi driver in New York City where the perceived decadence and sleaze feeds his urge to violently lash out, attempting to save a teenage prostitute in the process.', 3, 2, 98, 8.5);
INSERT INTO MOVIEDB.TBL_MOVIE(ID, TITLE_EN, TITLE_ALT, YEAR, RUNTIME, PLOT, COLOR, SILENT, RATING_RT, RATING_IMDB) VALUES (10, 'The Deer Hunter', null, 1978, 182, 'An in-depth examination of the way that the Vietnam war affects the lives of people in a small industrial town in the USA.', 3, 2, 92, 8.2);
INSERT INTO MOVIEDB.TBL_MOVIE(ID, TITLE_EN, TITLE_ALT, YEAR, RUNTIME, PLOT, COLOR, SILENT, RATING_RT, RATING_IMDB) VALUES (11, 'Chinatown', null, 1974, 130, 'A private detective investigating an adultery case stumbles on to a scheme of murder that has something to do with water.', 3, 2, 98, 8.4);
INSERT INTO MOVIEDB.TBL_MOVIE(ID, TITLE_EN, TITLE_ALT, YEAR, RUNTIME, PLOT, COLOR, SILENT, RATING_RT, RATING_IMDB) VALUES (12, 'Day For Night', 'La Nuit Americane', 1973, 115, 'A committed film director struggles to complete his movie while coping with a myriad of crises, personal and professional, among the cast and crew.', 3, 2, 100, 8);
INSERT INTO MOVIEDB.TBL_MOVIE(ID, TITLE_EN, TITLE_ALT, YEAR, RUNTIME, PLOT, COLOR, SILENT, RATING_RT, RATING_IMDB) VALUES (13, 'Cries and Whispers', 'Viskningar och rop', 1972, 91, 'When a woman dying of cancer in turn-of-the century Sweden is visited by her two sisters, long repressed feelings between the siblings rise to the surface.', 3, 2, 89, 8);
INSERT INTO MOVIEDB.TBL_MOVIE(ID, TITLE_EN, TITLE_ALT, YEAR, RUNTIME, PLOT, COLOR, SILENT, RATING_RT, RATING_IMDB) VALUES (14, 'Bread and Chocolate', 'Pane e cioccolata', 1974, 111, 'Italian immigrant tries to become a member of Swiss society but fails as a waiter and even as a chicken plucker. He then becomes involved with shady wealthy character and tries to hide his Italian identity. He refuses to give up no matter how awful his situation.', 3, 2, 72, 7.2);
INSERT INTO MOVIEDB.TBL_MOVIE(ID, TITLE_EN, TITLE_ALT, YEAR, RUNTIME, PLOT, COLOR, SILENT, RATING_RT, RATING_IMDB) VALUES (15, 'The Garden Of Finzi-Continis', 'Il giardano de Finzi-Continis', 1971, 94, 'In the late 1930s, in Ferrara, Italy, the Finzi-Contini are one of the leading families, wealthy, aristocratic, urbane; they are also Jewish. Their adult children, Micol and Alberto, gather a circle of friends for constant rounds of tennis and parties at their villa with its lovely grounds, keeping the rest of the world at bay. Into the circle steps Giorgio, a Jew from the middle class who falls in love with Micol. She seems to toy with him, and even makes love to one of his friends while she knows Giorgio is watching. While his love cannot seem to break through to her to draw her out of her garden idyll, the forces of politics close in.', 3, 2, 100, 7.4);
INSERT INTO MOVIEDB.TBL_MOVIE(ID, TITLE_EN, TITLE_ALT, YEAR, RUNTIME, PLOT, COLOR, SILENT, RATING_RT, RATING_IMDB) VALUES (16, 'The Discreet Charm of the Bourgeoisie ', 'Le Charme Discrete de la Bourgeoise', 1972, 102, 'A surreal, virtually plotless series of dreams centered around six middle-class people and their consistently interrupted attempts to have a meal together.', 3, 2, 98, 7.9);
INSERT INTO MOVIEDB.TBL_MOVIE(ID, TITLE_EN, TITLE_ALT, YEAR, RUNTIME, PLOT, COLOR, SILENT, RATING_RT, RATING_IMDB) VALUES (17, 'Turkish Delight', 'Turks Fruit', 1973, 112, 'Sort of a cross between "Love Story" and an earthy Rembrandt painting, this movie stars Rutger Hauer as a gifted Dutch sculptor who has a stormy, erotic, and star-crossed romance with a beautiful young girl. The story follows the arc of their relationship and his interaction with her family.', 3, 2, 78, 7.1);
INSERT INTO MOVIEDB.TBL_MOVIE(ID, TITLE_EN, TITLE_ALT, YEAR, RUNTIME, PLOT, COLOR, SILENT, RATING_RT, RATING_IMDB) VALUES (18, 'Stalker', null, 1979, 163, 'A guide leads two men through an area known as the Zone to find a room that grants wishes.', 2, 2, 100, 8.1);
INSERT INTO MOVIEDB.TBL_MOVIE(ID, TITLE_EN, TITLE_ALT, YEAR, RUNTIME, PLOT, COLOR, SILENT, RATING_RT, RATING_IMDB) VALUES (19, 'Dersu Uzala', null, 1975, 141, 'The Russian army sends an explorer on an expedition to the snowy Siberian wilderness where he makes friends with a seasoned local hunter.', 3, 2, 75, 8.2);
INSERT INTO MOVIEDB.TBL_MOVIE(ID, TITLE_EN, TITLE_ALT, YEAR, RUNTIME, PLOT, COLOR, SILENT, RATING_RT, RATING_IMDB) VALUES (20, 'Enter The Dragon', null, 1973, 98, 'A martial artist agrees to spy on a reclusive crime lord using his invitation to a tournament there as cover.', 3, 2, 95, 7.6);
INSERT INTO MOVIEDB.TBL_MOVIECOUNTRY(MOVIE_ID, COUNTRY_ID) VALUES (1, 106);
INSERT INTO MOVIEDB.TBL_MOVIECOUNTRY(MOVIE_ID, COUNTRY_ID) VALUES (1, 227);
INSERT INTO MOVIEDB.TBL_MOVIECOUNTRY(MOVIE_ID, COUNTRY_ID) VALUES (2, 106);
INSERT INTO MOVIEDB.TBL_MOVIECOUNTRY(MOVIE_ID, COUNTRY_ID) VALUES (3, 106);
INSERT INTO MOVIEDB.TBL_MOVIECOUNTRY(MOVIE_ID, COUNTRY_ID) VALUES (3, 227);
INSERT INTO MOVIEDB.TBL_MOVIECOUNTRY(MOVIE_ID, COUNTRY_ID) VALUES (4, 227);
INSERT INTO MOVIEDB.TBL_MOVIECOUNTRY(MOVIE_ID, COUNTRY_ID) VALUES (5, 37);
INSERT INTO MOVIEDB.TBL_MOVIECOUNTRY(MOVIE_ID, COUNTRY_ID) VALUES (5, 212);
INSERT INTO MOVIEDB.TBL_MOVIECOUNTRY(MOVIE_ID, COUNTRY_ID) VALUES (5, 227);
INSERT INTO MOVIEDB.TBL_MOVIECOUNTRY(MOVIE_ID, COUNTRY_ID) VALUES (6, 226);
INSERT INTO MOVIEDB.TBL_MOVIECOUNTRY(MOVIE_ID, COUNTRY_ID) VALUES (7, 227);
INSERT INTO MOVIEDB.TBL_MOVIECOUNTRY(MOVIE_ID, COUNTRY_ID) VALUES (8, 227);
INSERT INTO MOVIEDB.TBL_MOVIECOUNTRY(MOVIE_ID, COUNTRY_ID) VALUES (9, 227);
INSERT INTO MOVIEDB.TBL_MOVIECOUNTRY(MOVIE_ID, COUNTRY_ID) VALUES (10, 37);
INSERT INTO MOVIEDB.TBL_MOVIECOUNTRY(MOVIE_ID, COUNTRY_ID) VALUES (10, 212);
INSERT INTO MOVIEDB.TBL_MOVIECOUNTRY(MOVIE_ID, COUNTRY_ID) VALUES (10, 227);
INSERT INTO MOVIEDB.TBL_MOVIECOUNTRY(MOVIE_ID, COUNTRY_ID) VALUES (11, 227);
INSERT INTO MOVIEDB.TBL_MOVIECOUNTRY(MOVIE_ID, COUNTRY_ID) VALUES (12, 74);
INSERT INTO MOVIEDB.TBL_MOVIECOUNTRY(MOVIE_ID, COUNTRY_ID) VALUES (13, 206);
INSERT INTO MOVIEDB.TBL_MOVIECOUNTRY(MOVIE_ID, COUNTRY_ID) VALUES (14, 106);
INSERT INTO MOVIEDB.TBL_MOVIECOUNTRY(MOVIE_ID, COUNTRY_ID) VALUES (15, 106);
INSERT INTO MOVIEDB.TBL_MOVIECOUNTRY(MOVIE_ID, COUNTRY_ID) VALUES (16, 74);
INSERT INTO MOVIEDB.TBL_MOVIECOUNTRY(MOVIE_ID, COUNTRY_ID) VALUES (16, 173);
INSERT INTO MOVIEDB.TBL_MOVIECOUNTRY(MOVIE_ID, COUNTRY_ID) VALUES (16, 200);
INSERT INTO MOVIEDB.TBL_MOVIECOUNTRY(MOVIE_ID, COUNTRY_ID) VALUES (17, 151);
INSERT INTO MOVIEDB.TBL_MOVIECOUNTRY(MOVIE_ID, COUNTRY_ID) VALUES (18, 178);
INSERT INTO MOVIEDB.TBL_MOVIECOUNTRY(MOVIE_ID, COUNTRY_ID) VALUES (19, 178);
INSERT INTO MOVIEDB.TBL_MOVIECOUNTRY(MOVIE_ID, COUNTRY_ID) VALUES (20, 97);
INSERT INTO MOVIEDB.TBL_MOVIEGENRE(MOVIE_ID, GENRE_ID) VALUES (1, 9);
INSERT INTO MOVIEDB.TBL_MOVIEGENRE(MOVIE_ID, GENRE_ID) VALUES (1, 22);
INSERT INTO MOVIEDB.TBL_MOVIEGENRE(MOVIE_ID, GENRE_ID) VALUES (2, 22);
INSERT INTO MOVIEDB.TBL_MOVIEGENRE(MOVIE_ID, GENRE_ID) VALUES (3, 9);
INSERT INTO MOVIEDB.TBL_MOVIEGENRE(MOVIE_ID, GENRE_ID) VALUES (3, 22);
INSERT INTO MOVIEDB.TBL_MOVIEGENRE(MOVIE_ID, GENRE_ID) VALUES (4, 22);
INSERT INTO MOVIEDB.TBL_MOVIEGENRE(MOVIE_ID, GENRE_ID) VALUES (5, 7);
INSERT INTO MOVIEDB.TBL_MOVIEGENRE(MOVIE_ID, GENRE_ID) VALUES (5, 22);
INSERT INTO MOVIEDB.TBL_MOVIEGENRE(MOVIE_ID, GENRE_ID) VALUES (6, 6);
INSERT INTO MOVIEDB.TBL_MOVIEGENRE(MOVIE_ID, GENRE_ID) VALUES (6, 9);
INSERT INTO MOVIEDB.TBL_MOVIEGENRE(MOVIE_ID, GENRE_ID) VALUES (6, 22);
INSERT INTO MOVIEDB.TBL_MOVIEGENRE(MOVIE_ID, GENRE_ID) VALUES (7, 8);
INSERT INTO MOVIEDB.TBL_MOVIEGENRE(MOVIE_ID, GENRE_ID) VALUES (7, 10);
INSERT INTO MOVIEDB.TBL_MOVIEGENRE(MOVIE_ID, GENRE_ID) VALUES (8, 8);
INSERT INTO MOVIEDB.TBL_MOVIEGENRE(MOVIE_ID, GENRE_ID) VALUES (8, 11);
INSERT INTO MOVIEDB.TBL_MOVIEGENRE(MOVIE_ID, GENRE_ID) VALUES (8, 26);
INSERT INTO MOVIEDB.TBL_MOVIEGENRE(MOVIE_ID, GENRE_ID) VALUES (9, 9);
INSERT INTO MOVIEDB.TBL_MOVIEGENRE(MOVIE_ID, GENRE_ID) VALUES (9, 22);
INSERT INTO MOVIEDB.TBL_MOVIEGENRE(MOVIE_ID, GENRE_ID) VALUES (10, 7);
INSERT INTO MOVIEDB.TBL_MOVIEGENRE(MOVIE_ID, GENRE_ID) VALUES (10, 22);
INSERT INTO MOVIEDB.TBL_MOVIEGENRE(MOVIE_ID, GENRE_ID) VALUES (11, 5);
INSERT INTO MOVIEDB.TBL_MOVIEGENRE(MOVIE_ID, GENRE_ID) VALUES (11, 9);
INSERT INTO MOVIEDB.TBL_MOVIEGENRE(MOVIE_ID, GENRE_ID) VALUES (11, 22);
INSERT INTO MOVIEDB.TBL_MOVIEGENRE(MOVIE_ID, GENRE_ID) VALUES (12, 2);
INSERT INTO MOVIEDB.TBL_MOVIEGENRE(MOVIE_ID, GENRE_ID) VALUES (12, 22);
INSERT INTO MOVIEDB.TBL_MOVIEGENRE(MOVIE_ID, GENRE_ID) VALUES (12, 25);
INSERT INTO MOVIEDB.TBL_MOVIEGENRE(MOVIE_ID, GENRE_ID) VALUES (13, 22);
INSERT INTO MOVIEDB.TBL_MOVIEGENRE(MOVIE_ID, GENRE_ID) VALUES (13, 25);
INSERT INTO MOVIEDB.TBL_MOVIEGENRE(MOVIE_ID, GENRE_ID) VALUES (14, 2);
INSERT INTO MOVIEDB.TBL_MOVIEGENRE(MOVIE_ID, GENRE_ID) VALUES (14, 22);
INSERT INTO MOVIEDB.TBL_MOVIEGENRE(MOVIE_ID, GENRE_ID) VALUES (15, 4);
INSERT INTO MOVIEDB.TBL_MOVIEGENRE(MOVIE_ID, GENRE_ID) VALUES (15, 7);
INSERT INTO MOVIEDB.TBL_MOVIEGENRE(MOVIE_ID, GENRE_ID) VALUES (15, 22);
INSERT INTO MOVIEDB.TBL_MOVIEGENRE(MOVIE_ID, GENRE_ID) VALUES (16, 2);
INSERT INTO MOVIEDB.TBL_MOVIEGENRE(MOVIE_ID, GENRE_ID) VALUES (16, 10);
INSERT INTO MOVIEDB.TBL_MOVIEGENRE(MOVIE_ID, GENRE_ID) VALUES (16, 22);
INSERT INTO MOVIEDB.TBL_MOVIEGENRE(MOVIE_ID, GENRE_ID) VALUES (17, 22);
INSERT INTO MOVIEDB.TBL_MOVIEGENRE(MOVIE_ID, GENRE_ID) VALUES (17, 25);
INSERT INTO MOVIEDB.TBL_MOVIEGENRE(MOVIE_ID, GENRE_ID) VALUES (18, 8);
INSERT INTO MOVIEDB.TBL_MOVIEGENRE(MOVIE_ID, GENRE_ID) VALUES (18, 10);
INSERT INTO MOVIEDB.TBL_MOVIEGENRE(MOVIE_ID, GENRE_ID) VALUES (18, 22);
INSERT INTO MOVIEDB.TBL_MOVIEGENRE(MOVIE_ID, GENRE_ID) VALUES (19, 8);
INSERT INTO MOVIEDB.TBL_MOVIEGENRE(MOVIE_ID, GENRE_ID) VALUES (19, 21);
INSERT INTO MOVIEDB.TBL_MOVIEGENRE(MOVIE_ID, GENRE_ID) VALUES (19, 22);
INSERT INTO MOVIEDB.TBL_MOVIEGENRE(MOVIE_ID, GENRE_ID) VALUES (20, 9);
INSERT INTO MOVIEDB.TBL_MOVIEGENRE(MOVIE_ID, GENRE_ID) VALUES (20, 22);
INSERT INTO MOVIEDB.TBL_MOVIELANGUAGE(MOVIE_ID, LANGUAGE_ID) VALUES (1, 1);
INSERT INTO MOVIEDB.TBL_MOVIELANGUAGE(MOVIE_ID, LANGUAGE_ID) VALUES (1, 7);
INSERT INTO MOVIEDB.TBL_MOVIELANGUAGE(MOVIE_ID, LANGUAGE_ID) VALUES (2, 7);
INSERT INTO MOVIEDB.TBL_MOVIELANGUAGE(MOVIE_ID, LANGUAGE_ID) VALUES (3, 1);
INSERT INTO MOVIEDB.TBL_MOVIELANGUAGE(MOVIE_ID, LANGUAGE_ID) VALUES (3, 7);
INSERT INTO MOVIEDB.TBL_MOVIELANGUAGE(MOVIE_ID, LANGUAGE_ID) VALUES (4, 1);
INSERT INTO MOVIEDB.TBL_MOVIELANGUAGE(MOVIE_ID, LANGUAGE_ID) VALUES (5, 1);
INSERT INTO MOVIEDB.TBL_MOVIELANGUAGE(MOVIE_ID, LANGUAGE_ID) VALUES (5, 2);
INSERT INTO MOVIEDB.TBL_MOVIELANGUAGE(MOVIE_ID, LANGUAGE_ID) VALUES (5, 11);
INSERT INTO MOVIEDB.TBL_MOVIELANGUAGE(MOVIE_ID, LANGUAGE_ID) VALUES (5, 12);
INSERT INTO MOVIEDB.TBL_MOVIELANGUAGE(MOVIE_ID, LANGUAGE_ID) VALUES (6, 1);
INSERT INTO MOVIEDB.TBL_MOVIELANGUAGE(MOVIE_ID, LANGUAGE_ID) VALUES (7, 1);
INSERT INTO MOVIEDB.TBL_MOVIELANGUAGE(MOVIE_ID, LANGUAGE_ID) VALUES (8, 1);
INSERT INTO MOVIEDB.TBL_MOVIELANGUAGE(MOVIE_ID, LANGUAGE_ID) VALUES (9, 1);
INSERT INTO MOVIEDB.TBL_MOVIELANGUAGE(MOVIE_ID, LANGUAGE_ID) VALUES (9, 6);
INSERT INTO MOVIEDB.TBL_MOVIELANGUAGE(MOVIE_ID, LANGUAGE_ID) VALUES (10, 1);
INSERT INTO MOVIEDB.TBL_MOVIELANGUAGE(MOVIE_ID, LANGUAGE_ID) VALUES (10, 2);
INSERT INTO MOVIEDB.TBL_MOVIELANGUAGE(MOVIE_ID, LANGUAGE_ID) VALUES (10, 4);
INSERT INTO MOVIEDB.TBL_MOVIELANGUAGE(MOVIE_ID, LANGUAGE_ID) VALUES (10, 11);
INSERT INTO MOVIEDB.TBL_MOVIELANGUAGE(MOVIE_ID, LANGUAGE_ID) VALUES (11, 1);
INSERT INTO MOVIEDB.TBL_MOVIELANGUAGE(MOVIE_ID, LANGUAGE_ID) VALUES (12, 2);
INSERT INTO MOVIEDB.TBL_MOVIELANGUAGE(MOVIE_ID, LANGUAGE_ID) VALUES (13, 9);
INSERT INTO MOVIEDB.TBL_MOVIELANGUAGE(MOVIE_ID, LANGUAGE_ID) VALUES (14, 7);
INSERT INTO MOVIEDB.TBL_MOVIELANGUAGE(MOVIE_ID, LANGUAGE_ID) VALUES (15, 3);
INSERT INTO MOVIEDB.TBL_MOVIELANGUAGE(MOVIE_ID, LANGUAGE_ID) VALUES (15, 7);
INSERT INTO MOVIEDB.TBL_MOVIELANGUAGE(MOVIE_ID, LANGUAGE_ID) VALUES (16, 2);
INSERT INTO MOVIEDB.TBL_MOVIELANGUAGE(MOVIE_ID, LANGUAGE_ID) VALUES (16, 6);
INSERT INTO MOVIEDB.TBL_MOVIELANGUAGE(MOVIE_ID, LANGUAGE_ID) VALUES (17, 13);
INSERT INTO MOVIEDB.TBL_MOVIELANGUAGE(MOVIE_ID, LANGUAGE_ID) VALUES (18, 4);
INSERT INTO MOVIEDB.TBL_MOVIELANGUAGE(MOVIE_ID, LANGUAGE_ID) VALUES (19, 4);
INSERT INTO MOVIEDB.TBL_MOVIELANGUAGE(MOVIE_ID, LANGUAGE_ID) VALUES (20, 1);
INSERT INTO MOVIEDB.TBL_MOVIEREVIEW(MOVIE_ID, REVIEW_ID) VALUES (1, 100);
INSERT INTO MOVIEDB.TBL_MOVIEREVIEW(MOVIE_ID, REVIEW_ID) VALUES (2, 101);
INSERT INTO MOVIEDB.TBL_MOVIEREVIEW(MOVIE_ID, REVIEW_ID) VALUES (3, 102);
INSERT INTO MOVIEDB.TBL_MOVIEREVIEW(MOVIE_ID, REVIEW_ID) VALUES (4, 103);
INSERT INTO MOVIEDB.TBL_MOVIEREVIEW(MOVIE_ID, REVIEW_ID) VALUES (5, 104);
INSERT INTO MOVIEDB.TBL_MOVIEREVIEW(MOVIE_ID, REVIEW_ID) VALUES (6, 105);
INSERT INTO MOVIEDB.TBL_MOVIEREVIEW(MOVIE_ID, REVIEW_ID) VALUES (7, 106);
INSERT INTO MOVIEDB.TBL_MOVIEREVIEW(MOVIE_ID, REVIEW_ID) VALUES (8, 107);
INSERT INTO MOVIEDB.TBL_MOVIEREVIEW(MOVIE_ID, REVIEW_ID) VALUES (9, 108);
INSERT INTO MOVIEDB.TBL_PASSWORD(PASSWORD_HASH, USER_ID) VALUES ('19345345g', 7);
INSERT INTO MOVIEDB.TBL_PASSWORD(PASSWORD_HASH, USER_ID) VALUES ('23434Hh78', 4);
INSERT INTO MOVIEDB.TBL_PASSWORD(PASSWORD_HASH, USER_ID) VALUES ('234iJ3434', 5);
INSERT INTO MOVIEDB.TBL_PASSWORD(PASSWORD_HASH, USER_ID) VALUES ('A45TH234H', 1);
INSERT INTO MOVIEDB.TBL_PASSWORD(PASSWORD_HASH, USER_ID) VALUES ('TT89234h9', 3);
INSERT INTO MOVIEDB.TBL_PASSWORD(PASSWORD_HASH, USER_ID) VALUES ('b35y5699B', 6);
INSERT INTO MOVIEDB.TBL_PASSWORD(PASSWORD_HASH, USER_ID) VALUES ('b35yJ99BA', 2);
INSERT INTO MOVIEDB.TBL_PASSWORD(PASSWORD_HASH, USER_ID) VALUES ('jJi345FF9', 8);
INSERT INTO MOVIEDB.TBL_REVIEW(ID, USER_CREATOR, REVIEW_TITLE, REVIEW_BODY, CREATION_DATE) VALUES (100, 1, 'The Greatest Movie', 'The Godfather is, and remains, the benchmark by which all other movies will be judged. Perfectly scored and conceived, it represented both the perfection of the original gangster genre and at the same time allowed for the conception of a whole new set of possibilities within that genre. What seems like an all-star ensemble now in fact featured many new arrivals to the scene, in particular Pacino who established himself as a talent to be reckoned with. Viewing this film is an experience which constantly rewards the watcher and allows them to engage with an important artefact of the history of film.', '2013-04-27 00:00:00.0');
INSERT INTO MOVIEDB.TBL_REVIEW(ID, USER_CREATOR, REVIEW_TITLE, REVIEW_BODY, CREATION_DATE) VALUES (101, 2, 'Masterpiece of form', 'What is most amazing about The Conformist is its cinematography and angles. Director Bertolucci and Cinematographer Storraro have created a masterpiece of form by using light, camera angles, and character positioning. The architecture dwarfs the characters as they try to make sense of their existence during Italys fascist period (1930s). They are placed theatrically at times creating a balance of space. The Conformist is the most stunning film visually I have ever seen. Every scene is immaculate, kind of surreal, almost to rich for the senses to take in one viewing.The story is somewhat difficult on the first viewing but one can figure the basic plot line. It is a story about repression and oppression, about nationality, political beliefs during a paradigm shift. It is about acceptance and avoidance. It is about playing it safe in a time of tension. The final scene suggests what the main character might have become had he chose the truth. It is left up to us to judge him and realize that it is sort of a catch 22; either way, he would have ended up in that dark place where a fascist country would mentally place same sex love. See this film to see the potential of the beauty of film.Conform or not to Conform? That is the Question.', '2013-04-26 00:00:00.0');
INSERT INTO MOVIEDB.TBL_REVIEW(ID, USER_CREATOR, REVIEW_TITLE, REVIEW_BODY, CREATION_DATE) VALUES (102, 3, 'The nature of madness', 'What sadness this film makes us feel as the overly high-spirted central character finds fate in his rebellion. Nurse Ratchet becomes a character never to be forgotten - a stern virginal schoolteacher whose assertion of power leads to the stripping of the humanity of the protagonist brilliantly sketched by Nicholson. Perfectly cast, he evokes perfectly the human spirt of restless and undirected rebellion - imperfect and irrational - dirty and unadorned - a movie which brings us back to our youth and our memories of indulging our deepest feelings - a classic', '2013-04-28 00:00:00.0');
INSERT INTO MOVIEDB.TBL_REVIEW(ID, USER_CREATOR, REVIEW_TITLE, REVIEW_BODY, CREATION_DATE) VALUES (103, 4, 'Conrad Realized', 'A dark filming process and an exceptionally dark film. Conrads post-colonial novel transformed perfectly for the screen. The problems in filming are famous - spawning an excellent documentary - Hearts of Darkness - in its own right. Brando brings a gravitas to a role he owns completely. Coppola opens up his own realms of darkness... and it is all captured by the cameras. Wonderful. Awesome. Dark. Unendingly dark.', '2013-04-28 00:00:00.0');
INSERT INTO MOVIEDB.TBL_REVIEW(ID, USER_CREATOR, REVIEW_TITLE, REVIEW_BODY, CREATION_DATE) VALUES (104, 5, 'Alienation', 'Stanely Kubricks A Clockwork Orange is one of the first movies that proved that cinema can be the most enlightening and amazing art form around. Movies have always been a true love for me, but it wasnt until this film challenged me that I fell deeply in love. The first viewing left me speechless, unable to describe how weird and terrible I felt. I thought it was the film that left me in this mood, so of course that was the easy target to blame. It was just a bad movie, overrated and stupid and a waste of time. But upon further thought, I realised the film did exactly what it was supposed to. It showed how the world can be a weird and horrible place, and how this young man who goes around torturing people and being a wicked person ultimately doesnt have to pay for what he does. And its funny too. So this film brilliantly satirises this world, showcasing pure evil and people who ordinarily do not perform such evil are forced to laugh and observe what we all hate to admit is the truth. Its sick, but at the same time brilliant. And when one gets down to the core, you cant really explain it. It just is what it is. Its real. No one really sees it very often, but it is out there and everyone knows. And no one does anything about it. In essence, A Clockwork Orange is the ultimate satire, and one of the ultimate film experiences. Its art, its life, and in a funky way, its entertaining.', '2013-04-28 00:00:00.0');
INSERT INTO MOVIEDB.TBL_REVIEW(ID, USER_CREATOR, REVIEW_TITLE, REVIEW_BODY, CREATION_DATE) VALUES (105, 6, 'A New Hope', 'I can never pick a favorite movie because different movies have different effects. Goodfellas is my favorite drama. Face/Off is my favorite actioner. But when it comes to pure amazement, nothing beats Star Wars. We are introduced to a whole other universe with different creatures, different lifestyles, and different history. We are dropped in the middle of an intergalactic war between an empire and a rebellion that has raged for years and left the universe in ruin. It was the most fascinating thing to see when i was eleven, but to this day i am still a Star Wars nerd.
The cast of characters includes some of the coolest, funniest, and most tragic in film, and the actors who play them fit seamlessly into this new universe. Alec Guiness is flawless as Obi-Wan Kenobi, a Jedi on the run from the evil Empire. Harrison Ford is awesome as Han Solo, a smuggler and thief who helps the gang rescue the princess. But my favorite character of all time is Darth Vader. Not only is he the coolest bad guy, but we learn in later films why he is evil and start to feel sympathetic for him. Not to mention that badass booming voice that can make ordering a pizza sound threatening. This was not only the beginning of the best movie series ever, but it was the beginning of my love for movies. George Lucas is a genius for being able to come up with a great story and an incredible backdrop for what was supposed to be a flop, but turned into one of the best films ever.', '2013-04-28 00:00:00.0');
INSERT INTO MOVIEDB.TBL_REVIEW(ID, USER_CREATOR, REVIEW_TITLE, REVIEW_BODY, CREATION_DATE) VALUES (106, 7, 'Horror in the water', 'Jaws is the movie I grew up with, its like the first real horror film I ever watched. What a great one to start with, right? This movie not only scared me out of the water, I was afraid to go to the bathroom! I thought Jaws was going to pop up out of the toilet and bite my butt! I know it was silly, but that was how much Jaws effected me. I know also that it has not lost its effect to this day. Im questioning, because it seems like all the terrific horror films came out of the 70s. Jaws is based on the best seller book by Peter Benchley. Steven Spielberg, before he was STEVEN Spielberg turned this horrifying book and made it into a reason to hate sharks. He brilliantly took what could have been a cheesy movie and turned it into a classic that will never be forgotten. To this day, I still need a friend to hold onto, its that score! Duh na... duh na.... dun dun dun dun.... Oh, my gosh, that music just scares the heck out of me! On such a low budget, Jaws not only turned into one of the greatest horror movies of all time, it turned into one of the greatest movies, period.', '2013-04-28 00:00:00.0');
INSERT INTO MOVIEDB.TBL_REVIEW(ID, USER_CREATOR, REVIEW_TITLE, REVIEW_BODY, CREATION_DATE) VALUES (107, 8, 'Alienation', 'The script of Taxi Driver is built like a diary, the diary of a very ordinary guy who gets hired as a night taxi driver back from Vietnam, because he cant sleep at night. A very ordinary guy who tries to break his isolation, but cant, while violence accumulates inside him. One of those unnoticed people with dark things on their mind, one of those who break up the news one day with some extraordinary outburst of rage, to fall back immediately into anonymity. The gradual transformation of man into beast in this movie is chilling. Its still funny and pathetic when the hero threatens himself in front of the mirror (you talking to me), but when he comes out with a mohawk hairdo and dark glasses, it is obvious that nasty stuff is going to take place. As in A Clockwork Orange, violence is recuperated by society depending on what purpose it is used for. Whereas he was about to murder the candidate for presidency, gods lonely man fails and instead kills a vicious pimp who exploits teenage prostitutes. The potential criminal becomes a hero for a day.', '2013-04-28 00:00:00.0');
INSERT INTO MOVIEDB.TBL_REVIEW(ID, USER_CREATOR, REVIEW_TITLE, REVIEW_BODY, CREATION_DATE) VALUES (108, 8, 'The Horror of War', 'I cannot fathom the absolute horror that war brings to a persons life, but never has a film depicted it more harrowingly than The Deerhunter. At 182 minutes, it seemed to fly by, leaving me wanting more and wishing this would not end. all facets are explored, all peoples emotions are laid bare, not just the combatants. If we obviously did not know better, one would have to say this was a British film, as it has all the best elements that British movie making displays. i can eulogise for hundreds of lines, but this really is the ONLY American movie i can think of (others? apart from taxi driver) that is RAW. A strange word i know but the movie oozes a raw edge to it. Immense performances from all concerned, and if i had to say, i believe i have not seen Christopher Walken in a better role. One of the very few films i deservedly give 10/10. A must for any collection and a stunning example of every aspect of film making coming together, albeit for a sombre depiction of life.', '2013-04-28 00:00:00.0');
INSERT INTO MOVIEDB.TBL_REVIEW(ID, USER_CREATOR, REVIEW_TITLE, REVIEW_BODY, CREATION_DATE) VALUES (109, 3, 'The Original Series', 'Feuillade managed to create a cliffhanger in each episode and brought people flocking in. Imagine this series played out in an old cinema hall, the newness of the technology, a piano clinking behind in the background - the sighs of the audience. So old and yet, so new.', '2013-04-28 00:00:00.0');
INSERT INTO MOVIEDB.TBL_REVIEW(ID, USER_CREATOR, REVIEW_TITLE, REVIEW_BODY, CREATION_DATE) VALUES (110, 5, 'Creative Reinvention', 'By deliberately blurring the distinction between highbrow and trash movies, the director mocks his own inclinations toward a Wellesian grandiosity. The strategy allows him to flaunt a liberated cinematic imagination with nose-thumbing glee.', '2013-04-28 00:00:00.0');
INSERT INTO MOVIEDB.TBL_REVIEW(ID, USER_CREATOR, REVIEW_TITLE, REVIEW_BODY, CREATION_DATE) VALUES (111, 2, 'Post-modern gangsters', 'There have been many classic works of entertainment from Star Wars to Christopher Nolans stunning The Dark Knight. Each one bends the viewers mind and breaks the viewers heart. However, no work of entertainment or fiction has ever done what The Sopranos has. The TV Show truly is art mimicking life, and it leaves the viewer stunned. Beyond the amazing acting, directing, and characters stands a story that is truly epic as it follows a mafioso trying to do good, but failing miserably. ', '2013-04-28 00:00:00.0');
INSERT INTO MOVIEDB.TBL_REVIEW(ID, USER_CREATOR, REVIEW_TITLE, REVIEW_BODY, CREATION_DATE) VALUES (112, 3, 'RTE Success', 'This has to be one of the best crime drama serious to come out of RTE in a long time, the acting is superb the drama is edge of the seat and story line never leaves the watcher in any confusion about what is going on its a bit like being part of the story you get so engrossed and the action never leaves you wanting, I would love to see a full length film from the writer Stuart Carolan and i will be looking out for any thing else he may have done.', '2013-04-28 00:00:00.0');
INSERT INTO MOVIEDB.TBL_SERIES(ID, TITLE_EN, TITLE_ALT, STARTYEAR, ENDYEAR, PLOT, EPISODE_LENGTH, COUNTRY, COLOR, SILENT, RATING_RT, RATING_IMDB) VALUES (1, 'The Vampires', 'Les Vampires', 1915, 1916, 'Les Vampires is a 1915-1916 silent crime serial film written and directed by Louis Feuillade. Set in Paris, it stars Edouard Mathe, Musidora and Marcel Levesque and follows a journalist and his friend who become involved in trying to uncover and stop a bizarre underground Apache gang.', 40, 74, 1, 1, 100, 7.1);
INSERT INTO MOVIEDB.TBL_SERIES(ID, TITLE_EN, TITLE_ALT, STARTYEAR, ENDYEAR, PLOT, EPISODE_LENGTH, COUNTRY, COLOR, SILENT, RATING_RT, RATING_IMDB) VALUES (2, 'The Kingdom', 'Riget', 1994, 1997, 'The series is set in the neurosurgical ward of Copenhagens Rigshospitalet, the city and countrys main hospital, nicknamed Riget. Riget means the realm or the kingdom and leads one to think of dodsriget, the realm of the dead.', 72, 59, 3, 2, 91, 8.4);
INSERT INTO MOVIEDB.TBL_SERIES(ID, TITLE_EN, TITLE_ALT, STARTYEAR, ENDYEAR, PLOT, EPISODE_LENGTH, COUNTRY, COLOR, SILENT, RATING_RT, RATING_IMDB) VALUES (3, 'The Sopranos', null, 1999, 2007, 'The series revolves around the New Jersey-based Italian-American mobster Tony Soprano (James Gandolfini) and the difficulties he faces as he tries to balance the conflicting requirements of his home life and the criminal organization he heads.', 50, 59, 3, 2, 100, 9.2);
INSERT INTO MOVIEDB.TBL_SERIES(ID, TITLE_EN, TITLE_ALT, STARTYEAR, ENDYEAR, PLOT, EPISODE_LENGTH, COUNTRY, COLOR, SILENT, RATING_RT, RATING_IMDB) VALUES (4, 'Love/Hate', null, 2010, 2013, 'The show depicts fictional characters in Dublins criminal underworld, John Boy Power played by Aidan Gillen and Darren Treacy played by Robert Sheehan', 50, 104, 3, 2, 74, 7.7);
INSERT INTO MOVIEDB.TBL_SERIESGENRE(SERIES_ID, GENRE_ID) VALUES (1, 9);
INSERT INTO MOVIEDB.TBL_SERIESGENRE(SERIES_ID, GENRE_ID) VALUES (1, 22);
INSERT INTO MOVIEDB.TBL_SERIESGENRE(SERIES_ID, GENRE_ID) VALUES (2, 2);
INSERT INTO MOVIEDB.TBL_SERIESGENRE(SERIES_ID, GENRE_ID) VALUES (2, 10);
INSERT INTO MOVIEDB.TBL_SERIESGENRE(SERIES_ID, GENRE_ID) VALUES (2, 22);
INSERT INTO MOVIEDB.TBL_SERIESGENRE(SERIES_ID, GENRE_ID) VALUES (3, 9);
INSERT INTO MOVIEDB.TBL_SERIESGENRE(SERIES_ID, GENRE_ID) VALUES (3, 22);
INSERT INTO MOVIEDB.TBL_SERIESGENRE(SERIES_ID, GENRE_ID) VALUES (4, 9);
INSERT INTO MOVIEDB.TBL_SERIESGENRE(SERIES_ID, GENRE_ID) VALUES (4, 22);
INSERT INTO MOVIEDB.TBL_SERIESREVIEW(SERIES_ID, REVIEW_ID) VALUES (1, 109);
INSERT INTO MOVIEDB.TBL_SERIESREVIEW(SERIES_ID, REVIEW_ID) VALUES (2, 110);
INSERT INTO MOVIEDB.TBL_SERIESREVIEW(SERIES_ID, REVIEW_ID) VALUES (3, 111);
INSERT INTO MOVIEDB.TBL_SERIESREVIEW(SERIES_ID, REVIEW_ID) VALUES (4, 112);
INSERT INTO MOVIEDB.TBL_USER(ID, FNAME, MNAME, LNAME, USERNAME, EMAIL_ADDRESS, DATEOFBIRTH, BIRTHCOUNTRY) VALUES (1, 'Frank', 'James', 'Paulson', 'moviebuff', 'frank@muppet.com', '1982-09-15 00:00:00.0', 106);
INSERT INTO MOVIEDB.TBL_USER(ID, FNAME, MNAME, LNAME, USERNAME, EMAIL_ADDRESS, DATEOFBIRTH, BIRTHCOUNTRY) VALUES (2, 'Arnold', 'Michael', 'Leary', 'filmlover', 'arnie@hotmail.com', '1991-03-11 00:00:00.0', 100);
INSERT INTO MOVIEDB.TBL_USER(ID, FNAME, MNAME, LNAME, USERNAME, EMAIL_ADDRESS, DATEOFBIRTH, BIRTHCOUNTRY) VALUES (3, 'Howard', 'Peter', 'Michelson', 'moviemunnki', 'howie@apple.com', '1971-09-07 00:00:00.0', 57);
INSERT INTO MOVIEDB.TBL_USER(ID, FNAME, MNAME, LNAME, USERNAME, EMAIL_ADDRESS, DATEOFBIRTH, BIRTHCOUNTRY) VALUES (4, 'Sarah', 'Michelle', 'Heinrich', 'filmcritic', 'smh@gmail.com', '1967-01-05 00:00:00.0', 170);
INSERT INTO MOVIEDB.TBL_USER(ID, FNAME, MNAME, LNAME, USERNAME, EMAIL_ADDRESS, DATEOFBIRTH, BIRTHCOUNTRY) VALUES (5, 'Karl', 'Leftchard', 'Marks', 'KMarks', 'kmarx@lefties.com', '1976-11-29 00:00:00.0', 180);
INSERT INTO MOVIEDB.TBL_USER(ID, FNAME, MNAME, LNAME, USERNAME, EMAIL_ADDRESS, DATEOFBIRTH, BIRTHCOUNTRY) VALUES (6, 'Federica', 'Giaccomo', 'Martino', 'FedeFilm', 'fede@mitalia.com', '1979-05-21 00:00:00.0', 111);
INSERT INTO MOVIEDB.TBL_USER(ID, FNAME, MNAME, LNAME, USERNAME, EMAIL_ADDRESS, DATEOFBIRTH, BIRTHCOUNTRY) VALUES (7, 'Zele', 'Manimbo', 'Matutu', 'ZeleMat', 'zele@mabimba.com', '1981-05-21 00:00:00.0', 67);
INSERT INTO MOVIEDB.TBL_USER(ID, FNAME, MNAME, LNAME, USERNAME, EMAIL_ADDRESS, DATEOFBIRTH, BIRTHCOUNTRY) VALUES (8, 'Xinxin', 'Xiaolu', 'Lee', 'HaHamov', 'xi@baidu.com', '1972-04-16 00:00:00.0', 79);
ALTER TABLE MOVIEDB.TBL_ACTOR
	ADD FOREIGN KEY (BIRTHCOUNTRY) 
	REFERENCES TBL_COUNTRY (ID);


ALTER TABLE MOVIEDB.TBL_ACTORMOVIE
	ADD FOREIGN KEY (ACTOR_ID) 
	REFERENCES TBL_ACTOR (ID);

ALTER TABLE MOVIEDB.TBL_ACTORMOVIE
	ADD FOREIGN KEY (MOVIE_ID) 
	REFERENCES TBL_MOVIE (ID);


ALTER TABLE MOVIEDB.TBL_ACTORSERIES
	ADD FOREIGN KEY (ACTOR_ID) 
	REFERENCES TBL_ACTOR (ID);

ALTER TABLE MOVIEDB.TBL_ACTORSERIES
	ADD FOREIGN KEY (SERIES_ID) 
	REFERENCES TBL_SERIES (ID);


ALTER TABLE MOVIEDB.TBL_DIRECTOR
	ADD FOREIGN KEY (BIRTHCOUNTRY) 
	REFERENCES TBL_COUNTRY (ID);


ALTER TABLE MOVIEDB.TBL_DIRECTOREPISODE
	ADD FOREIGN KEY (DIRECTOR_ID) 
	REFERENCES TBL_DIRECTOR (ID);

ALTER TABLE MOVIEDB.TBL_DIRECTOREPISODE
	ADD FOREIGN KEY (EPISODE_ID) 
	REFERENCES TBL_EPISODE (ID);


ALTER TABLE MOVIEDB.TBL_DIRECTORMOVIE
	ADD FOREIGN KEY (MOVIE_ID) 
	REFERENCES TBL_MOVIE (ID);

ALTER TABLE MOVIEDB.TBL_DIRECTORMOVIE
	ADD FOREIGN KEY (DIRECTOR_ID) 
	REFERENCES TBL_DIRECTOR (ID);


ALTER TABLE MOVIEDB.TBL_EPISODESERIES
	ADD FOREIGN KEY (SERIES_ID) 
	REFERENCES TBL_SERIES (ID);

ALTER TABLE MOVIEDB.TBL_EPISODESERIES
	ADD FOREIGN KEY (EPISODE_ID) 
	REFERENCES TBL_EPISODE (ID);


ALTER TABLE MOVIEDB.TBL_MOVIE
	ADD FOREIGN KEY (SILENT) 
	REFERENCES TBL_LUSOUND (ID);

ALTER TABLE MOVIEDB.TBL_MOVIE
	ADD FOREIGN KEY (COLOR) 
	REFERENCES TBL_LUCOLOR (ID);


ALTER TABLE MOVIEDB.TBL_MOVIECOUNTRY
	ADD FOREIGN KEY (COUNTRY_ID) 
	REFERENCES TBL_COUNTRY (ID);

ALTER TABLE MOVIEDB.TBL_MOVIECOUNTRY
	ADD FOREIGN KEY (MOVIE_ID) 
	REFERENCES TBL_MOVIE (ID);


ALTER TABLE MOVIEDB.TBL_MOVIEGENRE
	ADD FOREIGN KEY (GENRE_ID) 
	REFERENCES TBL_GENRE (GENRE_ID);

ALTER TABLE MOVIEDB.TBL_MOVIEGENRE
	ADD FOREIGN KEY (MOVIE_ID) 
	REFERENCES TBL_MOVIE (ID);


ALTER TABLE MOVIEDB.TBL_MOVIELANGUAGE
	ADD FOREIGN KEY (LANGUAGE_ID) 
	REFERENCES TBL_LANGUAGE (ID);

ALTER TABLE MOVIEDB.TBL_MOVIELANGUAGE
	ADD FOREIGN KEY (MOVIE_ID) 
	REFERENCES TBL_MOVIE (ID);


ALTER TABLE MOVIEDB.TBL_MOVIEREVIEW
	ADD FOREIGN KEY (MOVIE_ID) 
	REFERENCES TBL_MOVIE (ID);

ALTER TABLE MOVIEDB.TBL_MOVIEREVIEW
	ADD FOREIGN KEY (REVIEW_ID) 
	REFERENCES TBL_REVIEW (ID);


ALTER TABLE MOVIEDB.TBL_PASSWORD
	ADD FOREIGN KEY (USER_ID) 
	REFERENCES TBL_USER (ID);


ALTER TABLE MOVIEDB.TBL_REVIEW
	ADD FOREIGN KEY (USER_CREATOR) 
	REFERENCES TBL_USER (ID);


ALTER TABLE MOVIEDB.TBL_SERIES
	ADD FOREIGN KEY (COLOR) 
	REFERENCES TBL_LUCOLOR (ID);

ALTER TABLE MOVIEDB.TBL_SERIES
	ADD FOREIGN KEY (SILENT) 
	REFERENCES TBL_LUSOUND (ID);

ALTER TABLE MOVIEDB.TBL_SERIES
	ADD FOREIGN KEY (COUNTRY) 
	REFERENCES TBL_COUNTRY (ID);


ALTER TABLE MOVIEDB.TBL_SERIESGENRE
	ADD FOREIGN KEY (GENRE_ID) 
	REFERENCES TBL_GENRE (GENRE_ID);

ALTER TABLE MOVIEDB.TBL_SERIESGENRE
	ADD FOREIGN KEY (SERIES_ID) 
	REFERENCES TBL_SERIES (ID);


ALTER TABLE MOVIEDB.TBL_SERIESREVIEW
	ADD FOREIGN KEY (SERIES_ID) 
	REFERENCES TBL_SERIES (ID);

ALTER TABLE MOVIEDB.TBL_SERIESREVIEW
	ADD FOREIGN KEY (REVIEW_ID) 
	REFERENCES TBL_REVIEW (ID);


ALTER TABLE MOVIEDB.TBL_USER
	ADD FOREIGN KEY (BIRTHCOUNTRY) 
	REFERENCES TBL_COUNTRY (ID);


